# hostname;interval;timestamp;IFACE;rxpck/s;txpck/s;rxkB/s;txkB/s;rxcmp/s;txcmp/s;rxmcst/s;%ifutil[...]
raspberrypi88;1;1576123892;eth0;25.00;6.00;1.80;0.55;0.00;0.00;0.00;0.01;lo;0.00;0.00;0.00;0.00;0.00;0.00;0.00;0.00;wlan0;0.00;0.00;0.00;0.00;0.00;0.00;0.00;0.00
raspberrypi88;1;1576123893;eth0;11.00;3.00;0.83;0.26;0.00;0.00;0.00;0.01;lo;0.00;0.00;0.00;0.00;0.00;0.00;0.00;0.00;wlan0;0.00;0.00;0.00;0.00;0.00;0.00;0.00;0.00
raspberrypi88;1;1576123894;eth0;19.00;2.00;1.41;0.16;0.00;0.00;0.00;0.01;lo;0.00;0.00;0.00;0.00;0.00;0.00;0.00;0.00;wlan0;0.00;0.00;0.00;0.00;0.00;0.00;0.00;0.00
raspberrypi88;1;1576123895;eth0;19.00;2.00;1.44;0.19;0.00;0.00;0.00;0.01;lo;0.00;0.00;0.00;0.00;0.00;0.00;0.00;0.00;wlan0;0.00;0.00;0.00;0.00;0.00;0.00;0.00;0.00
raspberrypi88;1;1576123896;eth0;15.00;2.00;1.11;0.16;0.00;0.00;0.00;0.01;lo;0.00;0.00;0.00;0.00;0.00;0.00;0.00;0.00;wlan0;0.00;0.00;0.00;0.00;0.00;0.00;0.00;0.00
raspberrypi88;1;1576123897;eth0;21.00;5.00;1.52;0.36;0.00;0.00;0.00;0.01;lo;0.00;0.00;0.00;0.00;0.00;0.00;0.00;0.00;wlan0;0.00;0.00;0.00;0.00;0.00;0.00;0.00;0.00
raspberrypi88;1;1576123898;eth0;18.00;0.00;1.34;0.00;0.00;0.00;0.00;0.01;lo;0.00;0.00;0.00;0.00;0.00;0.00;0.00;0.00;wlan0;0.00;0.00;0.00;0.00;0.00;0.00;0.00;0.00
raspberrypi88;1;1576123899;eth0;17.00;3.00;1.28;0.26;0.00;0.00;0.00;0.01;lo;0.00;0.00;0.00;0.00;0.00;0.00;0.00;0.00;wlan0;0.00;0.00;0.00;0.00;0.00;0.00;0.00;0.00
raspberrypi88;1;1576123900;eth0;15.00;1.00;1.12;0.10;0.00;0.00;0.00;0.01;lo;0.00;0.00;0.00;0.00;0.00;0.00;0.00;0.00;wlan0;0.00;0.00;0.00;0.00;0.00;0.00;0.00;0.00
raspberrypi88;1;1576123901;eth0;67.00;46.00;38.24;44.46;0.00;0.00;0.00;0.36;lo;0.00;0.00;0.00;0.00;0.00;0.00;0.00;0.00;wlan0;0.00;0.00;0.00;0.00;0.00;0.00;0.00;0.00
raspberrypi88;1;1576123902;eth0;50.00;61.00;40.53;49.83;0.00;0.00;0.00;0.41;lo;0.00;0.00;0.00;0.00;0.00;0.00;0.00;0.00;wlan0;0.00;0.00;0.00;0.00;0.00;0.00;0.00;0.00
raspberrypi88;1;1576123903;eth0;71.00;60.00;44.24;52.68;0.00;0.00;0.00;0.43;lo;0.00;0.00;0.00;0.00;0.00;0.00;0.00;0.00;wlan0;0.00;0.00;0.00;0.00;0.00;0.00;0.00;0.00
raspberrypi88;1;1576123904;eth0;63.00;59.00;39.31;50.58;0.00;0.00;0.00;0.41;lo;0.00;0.00;0.00;0.00;0.00;0.00;0.00;0.00;wlan0;0.00;0.00;0.00;0.00;0.00;0.00;0.00;0.00
raspberrypi88;1;1576123905;eth0;67.00;58.00;41.94;50.80;0.00;0.00;0.00;0.42;lo;0.00;0.00;0.00;0.00;0.00;0.00;0.00;0.00;wlan0;0.00;0.00;0.00;0.00;0.00;0.00;0.00;0.00
raspberrypi88;1;1576123906;eth0;54.00;53.00;36.74;44.88;0.00;0.00;0.00;0.37;lo;0.00;0.00;0.00;0.00;0.00;0.00;0.00;0.00;wlan0;0.00;0.00;0.00;0.00;0.00;0.00;0.00;0.00
raspberrypi88;1;1576123907;eth0;62.00;53.00;37.79;44.99;0.00;0.00;0.00;0.37;lo;0.00;0.00;0.00;0.00;0.00;0.00;0.00;0.00;wlan0;0.00;0.00;0.00;0.00;0.00;0.00;0.00;0.00
raspberrypi88;1;1576123908;eth0;68.00;56.00;41.54;49.45;0.00;0.00;0.00;0.41;lo;0.00;0.00;0.00;0.00;0.00;0.00;0.00;0.00;wlan0;0.00;0.00;0.00;0.00;0.00;0.00;0.00;0.00
raspberrypi88;1;1576123909;eth0;61.00;61.00;43.66;52.75;0.00;0.00;0.00;0.43;lo;0.00;0.00;0.00;0.00;0.00;0.00;0.00;0.00;wlan0;0.00;0.00;0.00;0.00;0.00;0.00;0.00;0.00
raspberrypi88;1;1576123910;eth0;61.00;57.00;39.15;50.38;0.00;0.00;0.00;0.41;lo;0.00;0.00;0.00;0.00;0.00;0.00;0.00;0.00;wlan0;0.00;0.00;0.00;0.00;0.00;0.00;0.00;0.00
raspberrypi88;1;1576123911;eth0;55.00;57.00;41.20;50.71;0.00;0.00;0.00;0.42;lo;0.00;0.00;0.00;0.00;0.00;0.00;0.00;0.00;wlan0;0.00;0.00;0.00;0.00;0.00;0.00;0.00;0.00
raspberrypi88;1;1576123912;eth0;68.00;53.00;37.79;44.88;0.00;0.00;0.00;0.37;lo;0.00;0.00;0.00;0.00;0.00;0.00;0.00;0.00;wlan0;0.00;0.00;0.00;0.00;0.00;0.00;0.00;0.00
raspberrypi88;1;1576123913;eth0;63.00;54.00;37.74;45.07;0.00;0.00;0.00;0.37;lo;0.00;0.00;0.00;0.00;0.00;0.00;0.00;0.00;wlan0;0.00;0.00;0.00;0.00;0.00;0.00;0.00;0.00
raspberrypi88;1;1576123914;eth0;58.00;57.00;40.97;49.54;0.00;0.00;0.00;0.41;lo;0.00;0.00;0.00;0.00;0.00;0.00;0.00;0.00;wlan0;0.00;0.00;0.00;0.00;0.00;0.00;0.00;0.00
raspberrypi88;1;1576123915;eth0;63.00;60.00;43.83;52.66;0.00;0.00;0.00;0.43;lo;0.00;0.00;0.00;0.00;0.00;0.00;0.00;0.00;wlan0;0.00;0.00;0.00;0.00;0.00;0.00;0.00;0.00
raspberrypi88;1;1576123916;eth0;59.00;57.00;39.00;50.38;0.00;0.00;0.00;0.41;lo;0.00;0.00;0.00;0.00;0.00;0.00;0.00;0.00;wlan0;0.00;0.00;0.00;0.00;0.00;0.00;0.00;0.00
raspberrypi88;1;1576123917;eth0;46.00;23.00;40.94;1.77;0.00;0.00;0.00;0.34;lo;0.00;0.00;0.00;0.00;0.00;0.00;0.00;0.00;wlan0;0.00;0.00;0.00;0.00;0.00;0.00;0.00;0.00
raspberrypi88;1;1576123918;eth0;61.00;56.00;37.21;50.62;0.00;0.00;0.00;0.41;lo;0.00;0.00;0.00;0.00;0.00;0.00;0.00;0.00;wlan0;0.00;0.00;0.00;0.00;0.00;0.00;0.00;0.00
raspberrypi88;1;1576123919;eth0;33.00;31.00;2.08;43.20;0.00;0.00;0.00;0.35;lo;0.00;0.00;0.00;0.00;0.00;0.00;0.00;0.00;wlan0;0.00;0.00;0.00;0.00;0.00;0.00;0.00;0.00
raspberrypi88;1;1576123920;eth0;64.00;55.00;37.93;45.16;0.00;0.00;0.00;0.37;lo;0.00;0.00;0.00;0.00;0.00;0.00;0.00;0.00;wlan0;0.00;0.00;0.00;0.00;0.00;0.00;0.00;0.00
raspberrypi88;1;1576123921;eth0;111.82;104.55;77.06;92.78;0.00;0.00;0.00;0.76;lo;0.00;0.00;0.00;0.00;0.00;0.00;0.00;0.00;wlan0;0.00;0.00;0.00;0.00;0.00;0.00;0.00;0.00
raspberrypi88;1;1576123922;eth0;60.00;55.00;39.07;50.22;0.00;0.00;0.00;0.41;lo;0.00;0.00;0.00;0.00;0.00;0.00;0.00;0.00;wlan0;0.00;0.00;0.00;0.00;0.00;0.00;0.00;0.00
raspberrypi88;1;1576123923;eth0;60.00;59.00;41.52;50.87;0.00;0.00;0.00;0.42;lo;0.00;0.00;0.00;0.00;0.00;0.00;0.00;0.00;wlan0;0.00;0.00;0.00;0.00;0.00;0.00;0.00;0.00
raspberrypi88;1;1576123924;eth0;66.00;51.00;37.47;44.72;0.00;0.00;0.00;0.37;lo;0.00;0.00;0.00;0.00;0.00;0.00;0.00;0.00;wlan0;0.00;0.00;0.00;0.00;0.00;0.00;0.00;0.00
raspberrypi88;1;1576123925;eth0;46.00;24.00;37.03;1.86;0.00;0.00;0.00;0.30;lo;0.00;0.00;0.00;0.00;0.00;0.00;0.00;0.00;wlan0;0.00;0.00;0.00;0.00;0.00;0.00;0.00;0.00
raspberrypi88;1;1576123926;eth0;29.00;32.00;1.73;43.37;0.00;0.00;0.00;0.36;lo;0.00;0.00;0.00;0.00;0.00;0.00;0.00;0.00;wlan0;0.00;0.00;0.00;0.00;0.00;0.00;0.00;0.00
raspberrypi88;1;1576123927;eth0;60.00;56.00;41.17;49.45;0.00;0.00;0.00;0.41;lo;0.00;0.00;0.00;0.00;0.00;0.00;0.00;0.00;wlan0;0.00;0.00;0.00;0.00;0.00;0.00;0.00;0.00
raspberrypi88;1;1576123928;eth0;67.00;60.00;44.09;52.66;0.00;0.00;0.00;0.43;lo;0.00;0.00;0.00;0.00;0.00;0.00;0.00;0.00;wlan0;0.00;0.00;0.00;0.00;0.00;0.00;0.00;0.00
raspberrypi88;1;1576123929;eth0;68.00;57.00;39.54;50.38;0.00;0.00;0.00;0.41;lo;0.00;0.00;0.00;0.00;0.00;0.00;0.00;0.00;wlan0;0.00;0.00;0.00;0.00;0.00;0.00;0.00;0.00
raspberrypi88;1;1576123930;eth0;66.00;58.00;42.07;50.80;0.00;0.00;0.00;0.42;lo;0.00;0.00;0.00;0.00;0.00;0.00;0.00;0.00;wlan0;0.00;0.00;0.00;0.00;0.00;0.00;0.00;0.00
raspberrypi88;1;1576123931;eth0;57.00;53.00;36.90;44.87;0.00;0.00;0.00;0.37;lo;0.00;0.00;0.00;0.00;0.00;0.00;0.00;0.00;wlan0;0.00;0.00;0.00;0.00;0.00;0.00;0.00;0.00
raspberrypi88;1;1576123932;eth0;66.00;55.00;38.08;45.16;0.00;0.00;0.00;0.37;lo;0.00;0.00;0.00;0.00;0.00;0.00;0.00;0.00;wlan0;0.00;0.00;0.00;0.00;0.00;0.00;0.00;0.00
raspberrypi88;1;1576123933;eth0;65.00;55.00;41.50;49.35;0.00;0.00;0.00;0.40;lo;0.00;0.00;0.00;0.00;0.00;0.00;0.00;0.00;wlan0;0.00;0.00;0.00;0.00;0.00;0.00;0.00;0.00
raspberrypi88;1;1576123934;eth0;70.00;61.00;44.23;52.76;0.00;0.00;0.00;0.43;lo;0.00;0.00;0.00;0.00;0.00;0.00;0.00;0.00;wlan0;0.00;0.00;0.00;0.00;0.00;0.00;0.00;0.00
raspberrypi88;1;1576123935;eth0;63.00;58.00;39.32;50.48;0.00;0.00;0.00;0.41;lo;0.00;0.00;0.00;0.00;0.00;0.00;0.00;0.00;wlan0;0.00;0.00;0.00;0.00;0.00;0.00;0.00;0.00
raspberrypi88;1;1576123936;eth0;64.00;57.00;41.76;50.70;0.00;0.00;0.00;0.42;lo;0.00;0.00;0.00;0.00;0.00;0.00;0.00;0.00;wlan0;0.00;0.00;0.00;0.00;0.00;0.00;0.00;0.00
raspberrypi88;1;1576123937;eth0;63.00;53.00;37.31;44.87;0.00;0.00;0.00;0.37;lo;0.00;0.00;0.00;0.00;0.00;0.00;0.00;0.00;wlan0;0.00;0.00;0.00;0.00;0.00;0.00;0.00;0.00
raspberrypi88;1;1576123938;eth0;60.00;52.00;37.63;44.90;0.00;0.00;0.00;0.37;lo;0.00;0.00;0.00;0.00;0.00;0.00;0.00;0.00;wlan0;0.00;0.00;0.00;0.00;0.00;0.00;0.00;0.00
raspberrypi88;1;1576123939;eth0;60.00;58.00;41.15;49.62;0.00;0.00;0.00;0.41;lo;0.00;0.00;0.00;0.00;0.00;0.00;0.00;0.00;wlan0;0.00;0.00;0.00;0.00;0.00;0.00;0.00;0.00
raspberrypi88;1;1576123940;eth0;64.00;60.00;43.89;52.66;0.00;0.00;0.00;0.43;lo;0.00;0.00;0.00;0.00;0.00;0.00;0.00;0.00;wlan0;0.00;0.00;0.00;0.00;0.00;0.00;0.00;0.00
raspberrypi88;1;1576123941;eth0;71.00;55.00;39.77;50.22;0.00;0.00;0.00;0.41;lo;0.00;0.00;0.00;0.00;0.00;0.00;0.00;0.00;wlan0;0.00;0.00;0.00;0.00;0.00;0.00;0.00;0.00
raspberrypi88;1;1576123942;eth0;61.00;60.00;41.61;50.96;0.00;0.00;0.00;0.42;lo;0.00;0.00;0.00;0.00;0.00;0.00;0.00;0.00;wlan0;0.00;0.00;0.00;0.00;0.00;0.00;0.00;0.00
raspberrypi88;1;1576123943;eth0;63.00;55.00;37.27;45.02;0.00;0.00;0.00;0.37;lo;0.00;0.00;0.00;0.00;0.00;0.00;0.00;0.00;wlan0;0.00;0.00;0.00;0.00;0.00;0.00;0.00;0.00
raspberrypi88;1;1576123944;eth0;61.00;52.00;37.58;44.90;0.00;0.00;0.00;0.37;lo;0.00;0.00;0.00;0.00;0.00;0.00;0.00;0.00;wlan0;0.00;0.00;0.00;0.00;0.00;0.00;0.00;0.00
raspberrypi88;1;1576123945;eth0;64.00;57.00;41.42;49.52;0.00;0.00;0.00;0.41;lo;0.00;0.00;0.00;0.00;0.00;0.00;0.00;0.00;wlan0;0.00;0.00;0.00;0.00;0.00;0.00;0.00;0.00
raspberrypi88;1;1576123946;eth0;67.00;59.00;44.10;52.60;0.00;0.00;0.00;0.43;lo;0.00;0.00;0.00;0.00;0.00;0.00;0.00;0.00;wlan0;0.00;0.00;0.00;0.00;0.00;0.00;0.00;0.00
raspberrypi88;1;1576123947;eth0;61.00;57.00;39.09;50.38;0.00;0.00;0.00;0.41;lo;0.00;0.00;0.00;0.00;0.00;0.00;0.00;0.00;wlan0;0.00;0.00;0.00;0.00;0.00;0.00;0.00;0.00
raspberrypi88;1;1576123948;eth0;67.00;58.00;42.05;50.77;0.00;0.00;0.00;0.42;lo;0.00;0.00;0.00;0.00;0.00;0.00;0.00;0.00;wlan0;0.00;0.00;0.00;0.00;0.00;0.00;0.00;0.00
raspberrypi88;1;1576123949;eth0;57.00;54.00;36.94;44.94;0.00;0.00;0.00;0.37;lo;0.00;0.00;0.00;0.00;0.00;0.00;0.00;0.00;wlan0;0.00;0.00;0.00;0.00;0.00;0.00;0.00;0.00
raspberrypi88;1;1576123950;eth0;60.00;53.00;37.62;44.97;0.00;0.00;0.00;0.37;lo;0.00;0.00;0.00;0.00;0.00;0.00;0.00;0.00;wlan0;0.00;0.00;0.00;0.00;0.00;0.00;0.00;0.00
raspberrypi88;1;1576123951;eth0;59.00;58.00;41.05;49.61;0.00;0.00;0.00;0.41;lo;0.00;0.00;0.00;0.00;0.00;0.00;0.00;0.00;wlan0;0.00;0.00;0.00;0.00;0.00;0.00;0.00;0.00
raspberrypi88;1;1576123952;eth0;60.00;58.00;43.57;52.50;0.00;0.00;0.00;0.43;lo;0.00;0.00;0.00;0.00;0.00;0.00;0.00;0.00;wlan0;0.00;0.00;0.00;0.00;0.00;0.00;0.00;0.00
raspberrypi88;1;1576123953;eth0;61.00;58.00;39.17;50.48;0.00;0.00;0.00;0.41;lo;0.00;0.00;0.00;0.00;0.00;0.00;0.00;0.00;wlan0;0.00;0.00;0.00;0.00;0.00;0.00;0.00;0.00
raspberrypi88;1;1576123954;eth0;65.00;59.00;41.79;50.87;0.00;0.00;0.00;0.42;lo;0.00;0.00;0.00;0.00;0.00;0.00;0.00;0.00;wlan0;0.00;0.00;0.00;0.00;0.00;0.00;0.00;0.00
raspberrypi88;1;1576123955;eth0;64.00;50.00;37.39;44.62;0.00;0.00;0.00;0.37;lo;0.00;0.00;0.00;0.00;0.00;0.00;0.00;0.00;wlan0;0.00;0.00;0.00;0.00;0.00;0.00;0.00;0.00
raspberrypi88;1;1576123956;eth0;56.00;55.00;37.33;45.16;0.00;0.00;0.00;0.37;lo;0.00;0.00;0.00;0.00;0.00;0.00;0.00;0.00;wlan0;0.00;0.00;0.00;0.00;0.00;0.00;0.00;0.00
raspberrypi88;1;1576123957;eth0;71.00;55.00;41.80;49.35;0.00;0.00;0.00;0.40;lo;0.00;0.00;0.00;0.00;0.00;0.00;0.00;0.00;wlan0;0.00;0.00;0.00;0.00;0.00;0.00;0.00;0.00
raspberrypi88;1;1576123958;eth0;57.00;61.00;43.37;52.76;0.00;0.00;0.00;0.43;lo;0.00;0.00;0.00;0.00;0.00;0.00;0.00;0.00;wlan0;0.00;0.00;0.00;0.00;0.00;0.00;0.00;0.00
raspberrypi88;1;1576123959;eth0;62.00;57.00;39.19;50.38;0.00;0.00;0.00;0.41;lo;0.00;0.00;0.00;0.00;0.00;0.00;0.00;0.00;wlan0;0.00;0.00;0.00;0.00;0.00;0.00;0.00;0.00
raspberrypi88;1;1576123960;eth0;64.00;57.00;41.86;50.70;0.00;0.00;0.00;0.42;lo;0.00;0.00;0.00;0.00;0.00;0.00;0.00;0.00;wlan0;0.00;0.00;0.00;0.00;0.00;0.00;0.00;0.00
raspberrypi88;1;1576123961;eth0;64.00;56.00;37.49;45.15;0.00;0.00;0.00;0.37;lo;0.00;0.00;0.00;0.00;0.00;0.00;0.00;0.00;wlan0;0.00;0.00;0.00;0.00;0.00;0.00;0.00;0.00
raspberrypi88;1;1576123962;eth0;58.00;55.00;37.48;45.16;0.00;0.00;0.00;0.37;lo;0.00;0.00;0.00;0.00;0.00;0.00;0.00;0.00;wlan0;0.00;0.00;0.00;0.00;0.00;0.00;0.00;0.00
raspberrypi88;1;1576123963;eth0;62.00;56.00;41.28;49.45;0.00;0.00;0.00;0.41;lo;0.00;0.00;0.00;0.00;0.00;0.00;0.00;0.00;wlan0;0.00;0.00;0.00;0.00;0.00;0.00;0.00;0.00
raspberrypi88;1;1576123964;eth0;62.00;61.00;43.77;52.76;0.00;0.00;0.00;0.43;lo;0.00;0.00;0.00;0.00;0.00;0.00;0.00;0.00;wlan0;0.00;0.00;0.00;0.00;0.00;0.00;0.00;0.00
raspberrypi88;1;1576123965;eth0;60.00;57.00;39.09;50.38;0.00;0.00;0.00;0.41;lo;0.00;0.00;0.00;0.00;0.00;0.00;0.00;0.00;wlan0;0.00;0.00;0.00;0.00;0.00;0.00;0.00;0.00
raspberrypi88;1;1576123966;eth0;56.00;58.00;41.24;50.80;0.00;0.00;0.00;0.42;lo;0.00;0.00;0.00;0.00;0.00;0.00;0.00;0.00;wlan0;0.00;0.00;0.00;0.00;0.00;0.00;0.00;0.00
raspberrypi88;1;1576123967;eth0;67.00;54.00;37.64;44.96;0.00;0.00;0.00;0.37;lo;0.00;0.00;0.00;0.00;0.00;0.00;0.00;0.00;wlan0;0.00;0.00;0.00;0.00;0.00;0.00;0.00;0.00
raspberrypi88;1;1576123968;eth0;55.00;51.00;37.25;44.81;0.00;0.00;0.00;0.37;lo;0.00;0.00;0.00;0.00;0.00;0.00;0.00;0.00;wlan0;0.00;0.00;0.00;0.00;0.00;0.00;0.00;0.00
raspberrypi88;1;1576123969;eth0;64.00;58.00;41.45;49.61;0.00;0.00;0.00;0.41;lo;0.00;0.00;0.00;0.00;0.00;0.00;0.00;0.00;wlan0;0.00;0.00;0.00;0.00;0.00;0.00;0.00;0.00
raspberrypi88;1;1576123970;eth0;60.00;60.00;43.59;52.66;0.00;0.00;0.00;0.43;lo;0.00;0.00;0.00;0.00;0.00;0.00;0.00;0.00;wlan0;0.00;0.00;0.00;0.00;0.00;0.00;0.00;0.00
raspberrypi88;1;1576123971;eth0;66.00;56.00;39.55;50.32;0.00;0.00;0.00;0.41;lo;0.00;0.00;0.00;0.00;0.00;0.00;0.00;0.00;wlan0;0.00;0.00;0.00;0.00;0.00;0.00;0.00;0.00
raspberrypi88;1;1576123972;eth0;53.00;59.00;41.03;50.87;0.00;0.00;0.00;0.42;lo;0.00;0.00;0.00;0.00;0.00;0.00;0.00;0.00;wlan0;0.00;0.00;0.00;0.00;0.00;0.00;0.00;0.00
raspberrypi88;1;1576123973;eth0;58.00;53.00;37.08;44.88;0.00;0.00;0.00;0.37;lo;0.00;0.00;0.00;0.00;0.00;0.00;0.00;0.00;wlan0;0.00;0.00;0.00;0.00;0.00;0.00;0.00;0.00
raspberrypi88;1;1576123974;eth0;59.00;52.00;37.43;44.90;0.00;0.00;0.00;0.37;lo;0.00;0.00;0.00;0.00;0.00;0.00;0.00;0.00;wlan0;0.00;0.00;0.00;0.00;0.00;0.00;0.00;0.00
raspberrypi88;1;1576123975;eth0;63.00;58.00;41.35;49.61;0.00;0.00;0.00;0.41;lo;0.00;0.00;0.00;0.00;0.00;0.00;0.00;0.00;wlan0;0.00;0.00;0.00;0.00;0.00;0.00;0.00;0.00
raspberrypi88;1;1576123976;eth0;69.00;61.00;44.27;52.76;0.00;0.00;0.00;0.43;lo;0.00;0.00;0.00;0.00;0.00;0.00;0.00;0.00;wlan0;0.00;0.00;0.00;0.00;0.00;0.00;0.00;0.00
raspberrypi88;1;1576123977;eth0;60.00;55.00;39.12;50.22;0.00;0.00;0.00;0.41;lo;0.00;0.00;0.00;0.00;0.00;0.00;0.00;0.00;wlan0;0.00;0.00;0.00;0.00;0.00;0.00;0.00;0.00
raspberrypi88;1;1576123978;eth0;61.00;58.00;41.55;50.77;0.00;0.00;0.00;0.42;lo;0.00;0.00;0.00;0.00;0.00;0.00;0.00;0.00;wlan0;0.00;0.00;0.00;0.00;0.00;0.00;0.00;0.00
raspberrypi88;1;1576123979;eth0;56.00;53.00;36.93;44.88;0.00;0.00;0.00;0.37;lo;0.00;0.00;0.00;0.00;0.00;0.00;0.00;0.00;wlan0;0.00;0.00;0.00;0.00;0.00;0.00;0.00;0.00
raspberrypi88;2;1576123981;eth0;58.37;53.59;37.72;45.31;0.00;0.00;0.00;0.37;lo;0.00;0.00;0.00;0.00;0.00;0.00;0.00;0.00;wlan0;0.00;0.00;0.00;0.00;0.00;0.00;0.00;0.00
raspberrypi88;1;1576123982;eth0;65.00;61.00;43.97;52.76;0.00;0.00;0.00;0.43;lo;0.00;0.00;0.00;0.00;0.00;0.00;0.00;0.00;wlan0;0.00;0.00;0.00;0.00;0.00;0.00;0.00;0.00
raspberrypi88;1;1576123983;eth0;58.00;55.00;38.97;50.22;0.00;0.00;0.00;0.41;lo;0.00;0.00;0.00;0.00;0.00;0.00;0.00;0.00;wlan0;0.00;0.00;0.00;0.00;0.00;0.00;0.00;0.00
raspberrypi88;1;1576123984;eth0;61.00;58.00;41.60;50.77;0.00;0.00;0.00;0.42;lo;0.00;0.00;0.00;0.00;0.00;0.00;0.00;0.00;wlan0;0.00;0.00;0.00;0.00;0.00;0.00;0.00;0.00
raspberrypi88;1;1576123985;eth0;64.00;53.00;37.52;44.91;0.00;0.00;0.00;0.37;lo;0.00;0.00;0.00;0.00;0.00;0.00;0.00;0.00;wlan0;0.00;0.00;0.00;0.00;0.00;0.00;0.00;0.00
raspberrypi88;1;1576123986;eth0;62.00;54.00;37.65;45.07;0.00;0.00;0.00;0.37;lo;0.00;0.00;0.00;0.00;0.00;0.00;0.00;0.00;wlan0;0.00;0.00;0.00;0.00;0.00;0.00;0.00;0.00
raspberrypi88;1;1576123987;eth0;66.00;57.00;41.57;49.52;0.00;0.00;0.00;0.41;lo;0.00;0.00;0.00;0.00;0.00;0.00;0.00;0.00;wlan0;0.00;0.00;0.00;0.00;0.00;0.00;0.00;0.00
raspberrypi88;1;1576123988;eth0;73.00;59.00;44.46;52.60;0.00;0.00;0.00;0.43;lo;0.00;0.00;0.00;0.00;0.00;0.00;0.00;0.00;wlan0;0.00;0.00;0.00;0.00;0.00;0.00;0.00;0.00
raspberrypi88;1;1576123989;eth0;63.00;56.00;39.31;50.29;0.00;0.00;0.00;0.41;lo;0.00;0.00;0.00;0.00;0.00;0.00;0.00;0.00;wlan0;0.00;0.00;0.00;0.00;0.00;0.00;0.00;0.00
raspberrypi88;1;1576123990;eth0;66.00;57.00;42.09;50.70;0.00;0.00;0.00;0.42;lo;0.00;0.00;0.00;0.00;0.00;0.00;0.00;0.00;wlan0;0.00;0.00;0.00;0.00;0.00;0.00;0.00;0.00
raspberrypi88;1;1576123991;eth0;62.00;53.00;37.24;44.88;0.00;0.00;0.00;0.37;lo;0.00;0.00;0.00;0.00;0.00;0.00;0.00;0.00;wlan0;0.00;0.00;0.00;0.00;0.00;0.00;0.00;0.00
raspberrypi88;1;1576123992;eth0;55.00;54.00;37.25;45.07;0.00;0.00;0.00;0.37;lo;0.00;0.00;0.00;0.00;0.00;0.00;0.00;0.00;wlan0;0.00;0.00;0.00;0.00;0.00;0.00;0.00;0.00
raspberrypi88;1;1576123993;eth0;68.00;56.00;41.63;49.45;0.00;0.00;0.00;0.41;lo;0.00;0.00;0.00;0.00;0.00;0.00;0.00;0.00;wlan0;0.00;0.00;0.00;0.00;0.00;0.00;0.00;0.00
raspberrypi88;1;1576123994;eth0;59.00;60.00;43.49;52.66;0.00;0.00;0.00;0.43;lo;0.00;0.00;0.00;0.00;0.00;0.00;0.00;0.00;wlan0;0.00;0.00;0.00;0.00;0.00;0.00;0.00;0.00
raspberrypi88;1;1576123995;eth0;61.00;57.00;39.19;50.38;0.00;0.00;0.00;0.41;lo;0.00;0.00;0.00;0.00;0.00;0.00;0.00;0.00;wlan0;0.00;0.00;0.00;0.00;0.00;0.00;0.00;0.00
raspberrypi88;1;1576123996;eth0;63.00;57.00;41.76;50.70;0.00;0.00;0.00;0.42;lo;0.00;0.00;0.00;0.00;0.00;0.00;0.00;0.00;wlan0;0.00;0.00;0.00;0.00;0.00;0.00;0.00;0.00
raspberrypi88;1;1576123997;eth0;55.00;53.00;36.83;44.88;0.00;0.00;0.00;0.37;lo;0.00;0.00;0.00;0.00;0.00;0.00;0.00;0.00;wlan0;0.00;0.00;0.00;0.00;0.00;0.00;0.00;0.00
raspberrypi88;1;1576123998;eth0;61.00;54.00;37.70;45.07;0.00;0.00;0.00;0.37;lo;0.00;0.00;0.00;0.00;0.00;0.00;0.00;0.00;wlan0;0.00;0.00;0.00;0.00;0.00;0.00;0.00;0.00
raspberrypi88;1;1576123999;eth0;61.00;57.00;41.17;49.50;0.00;0.00;0.00;0.41;lo;0.00;0.00;0.00;0.00;0.00;0.00;0.00;0.00;wlan0;0.00;0.00;0.00;0.00;0.00;0.00;0.00;0.00
raspberrypi88;1;1576124000;eth0;57.00;61.00;43.37;52.76;0.00;0.00;0.00;0.43;lo;0.00;0.00;0.00;0.00;0.00;0.00;0.00;0.00;wlan0;0.00;0.00;0.00;0.00;0.00;0.00;0.00;0.00
raspberrypi88;1;1576124001;eth0;62.00;57.00;39.24;50.38;0.00;0.00;0.00;0.41;lo;0.00;0.00;0.00;0.00;0.00;0.00;0.00;0.00;wlan0;0.00;0.00;0.00;0.00;0.00;0.00;0.00;0.00
raspberrypi88;1;1576124002;eth0;53.00;56.00;41.03;50.61;0.00;0.00;0.00;0.41;lo;0.00;0.00;0.00;0.00;0.00;0.00;0.00;0.00;wlan0;0.00;0.00;0.00;0.00;0.00;0.00;0.00;0.00
raspberrypi88;1;1576124003;eth0;65.00;54.00;37.61;44.98;0.00;0.00;0.00;0.37;lo;0.00;0.00;0.00;0.00;0.00;0.00;0.00;0.00;wlan0;0.00;0.00;0.00;0.00;0.00;0.00;0.00;0.00
raspberrypi88;1;1576124004;eth0;58.00;53.00;37.47;44.97;0.00;0.00;0.00;0.37;lo;0.00;0.00;0.00;0.00;0.00;0.00;0.00;0.00;wlan0;0.00;0.00;0.00;0.00;0.00;0.00;0.00;0.00
raspberrypi88;1;1576124005;eth0;38.00;23.00;39.91;1.77;0.00;0.00;0.00;0.33;lo;0.00;0.00;0.00;0.00;0.00;0.00;0.00;0.00;wlan0;0.00;0.00;0.00;0.00;0.00;0.00;0.00;0.00
raspberrypi88;1;1576124006;eth0;70.00;59.00;44.38;49.69;0.00;0.00;0.00;0.41;lo;0.00;0.00;0.00;0.00;0.00;0.00;0.00;0.00;wlan0;0.00;0.00;0.00;0.00;0.00;0.00;0.00;0.00
raspberrypi88;1;1576124007;eth0;44.00;39.00;2.68;51.10;0.00;0.00;0.00;0.42;lo;0.00;0.00;0.00;0.00;0.00;0.00;0.00;0.00;wlan0;0.00;0.00;0.00;0.00;0.00;0.00;0.00;0.00
raspberrypi88;1;1576124008;eth0;67.00;54.00;39.45;50.13;0.00;0.00;0.00;0.41;lo;0.00;0.00;0.00;0.00;0.00;0.00;0.00;0.00;wlan0;0.00;0.00;0.00;0.00;0.00;0.00;0.00;0.00
raspberrypi88;1;1576124009;eth0;58.00;58.00;41.43;50.80;0.00;0.00;0.00;0.42;lo;0.00;0.00;0.00;0.00;0.00;0.00;0.00;0.00;wlan0;0.00;0.00;0.00;0.00;0.00;0.00;0.00;0.00
raspberrypi88;1;1576124010;eth0;65.00;55.00;37.56;45.05;0.00;0.00;0.00;0.37;lo;0.00;0.00;0.00;0.00;0.00;0.00;0.00;0.00;wlan0;0.00;0.00;0.00;0.00;0.00;0.00;0.00;0.00
raspberrypi88;1;1576124011;eth0;58.00;53.00;37.40;45.00;0.00;0.00;0.00;0.37;lo;0.00;0.00;0.00;0.00;0.00;0.00;0.00;0.00;wlan0;0.00;0.00;0.00;0.00;0.00;0.00;0.00;0.00
raspberrypi88;1;1576124012;eth0;69.00;55.00;41.76;49.35;0.00;0.00;0.00;0.40;lo;0.00;0.00;0.00;0.00;0.00;0.00;0.00;0.00;wlan0;0.00;0.00;0.00;0.00;0.00;0.00;0.00;0.00
raspberrypi88;1;1576124013;eth0;63.00;63.00;43.69;52.92;0.00;0.00;0.00;0.43;lo;0.00;0.00;0.00;0.00;0.00;0.00;0.00;0.00;wlan0;0.00;0.00;0.00;0.00;0.00;0.00;0.00;0.00
raspberrypi88;1;1576124014;eth0;59.00;55.00;39.03;50.22;0.00;0.00;0.00;0.41;lo;0.00;0.00;0.00;0.00;0.00;0.00;0.00;0.00;wlan0;0.00;0.00;0.00;0.00;0.00;0.00;0.00;0.00
raspberrypi88;1;1576124015;eth0;67.00;58.00;41.94;50.80;0.00;0.00;0.00;0.42;lo;0.00;0.00;0.00;0.00;0.00;0.00;0.00;0.00;wlan0;0.00;0.00;0.00;0.00;0.00;0.00;0.00;0.00
raspberrypi88;1;1576124016;eth0;57.00;54.00;36.98;44.95;0.00;0.00;0.00;0.37;lo;0.00;0.00;0.00;0.00;0.00;0.00;0.00;0.00;wlan0;0.00;0.00;0.00;0.00;0.00;0.00;0.00;0.00
raspberrypi88;1;1576124017;eth0;63.00;52.00;37.87;44.90;0.00;0.00;0.00;0.37;lo;0.00;0.00;0.00;0.00;0.00;0.00;0.00;0.00;wlan0;0.00;0.00;0.00;0.00;0.00;0.00;0.00;0.00
raspberrypi88;1;1576124018;eth0;62.00;56.00;41.09;49.45;0.00;0.00;0.00;0.41;lo;0.00;0.00;0.00;0.00;0.00;0.00;0.00;0.00;wlan0;0.00;0.00;0.00;0.00;0.00;0.00;0.00;0.00
raspberrypi88;1;1576124019;eth0;69.00;63.00;44.29;52.92;0.00;0.00;0.00;0.43;lo;0.00;0.00;0.00;0.00;0.00;0.00;0.00;0.00;wlan0;0.00;0.00;0.00;0.00;0.00;0.00;0.00;0.00
raspberrypi88;1;1576124020;eth0;53.00;55.00;38.58;50.23;0.00;0.00;0.00;0.41;lo;0.00;0.00;0.00;0.00;0.00;0.00;0.00;0.00;wlan0;0.00;0.00;0.00;0.00;0.00;0.00;0.00;0.00
raspberrypi88;1;1576124021;eth0;64.00;56.00;41.87;50.61;0.00;0.00;0.00;0.41;lo;0.00;0.00;0.00;0.00;0.00;0.00;0.00;0.00;wlan0;0.00;0.00;0.00;0.00;0.00;0.00;0.00;0.00
raspberrypi88;1;1576124022;eth0;58.00;56.00;37.04;45.15;0.00;0.00;0.00;0.37;lo;0.00;0.00;0.00;0.00;0.00;0.00;0.00;0.00;wlan0;0.00;0.00;0.00;0.00;0.00;0.00;0.00;0.00
raspberrypi88;1;1576124023;eth0;69.00;52.00;38.22;44.90;0.00;0.00;0.00;0.37;lo;0.00;0.00;0.00;0.00;0.00;0.00;0.00;0.00;wlan0;0.00;0.00;0.00;0.00;0.00;0.00;0.00;0.00
raspberrypi88;1;1576124024;eth0;64.00;55.00;41.26;49.35;0.00;0.00;0.00;0.40;lo;0.00;0.00;0.00;0.00;0.00;0.00;0.00;0.00;wlan0;0.00;0.00;0.00;0.00;0.00;0.00;0.00;0.00
raspberrypi88;1;1576124025;eth0;64.00;61.00;43.91;52.76;0.00;0.00;0.00;0.43;lo;0.00;0.00;0.00;0.00;0.00;0.00;0.00;0.00;wlan0;0.00;0.00;0.00;0.00;0.00;0.00;0.00;0.00
raspberrypi88;1;1576124026;eth0;60.00;57.00;39.10;50.39;0.00;0.00;0.00;0.41;lo;0.00;0.00;0.00;0.00;0.00;0.00;0.00;0.00;wlan0;0.00;0.00;0.00;0.00;0.00;0.00;0.00;0.00
raspberrypi88;1;1576124027;eth0;61.00;58.00;41.68;50.80;0.00;0.00;0.00;0.42;lo;0.00;0.00;0.00;0.00;0.00;0.00;0.00;0.00;wlan0;0.00;0.00;0.00;0.00;0.00;0.00;0.00;0.00
raspberrypi88;1;1576124028;eth0;51.00;52.00;36.51;44.79;0.00;0.00;0.00;0.37;lo;0.00;0.00;0.00;0.00;0.00;0.00;0.00;0.00;wlan0;0.00;0.00;0.00;0.00;0.00;0.00;0.00;0.00
raspberrypi88;1;1576124029;eth0;66.00;54.00;38.09;45.07;0.00;0.00;0.00;0.37;lo;0.00;0.00;0.00;0.00;0.00;0.00;0.00;0.00;wlan0;0.00;0.00;0.00;0.00;0.00;0.00;0.00;0.00
raspberrypi88;1;1576124030;eth0;58.00;55.00;41.01;49.35;0.00;0.00;0.00;0.40;lo;0.00;0.00;0.00;0.00;0.00;0.00;0.00;0.00;wlan0;0.00;0.00;0.00;0.00;0.00;0.00;0.00;0.00
raspberrypi88;1;1576124031;eth0;64.00;61.00;43.91;52.76;0.00;0.00;0.00;0.43;lo;0.00;0.00;0.00;0.00;0.00;0.00;0.00;0.00;wlan0;0.00;0.00;0.00;0.00;0.00;0.00;0.00;0.00
raspberrypi88;1;1576124032;eth0;68.00;56.00;39.52;50.29;0.00;0.00;0.00;0.41;lo;0.00;0.00;0.00;0.00;0.00;0.00;0.00;0.00;wlan0;0.00;0.00;0.00;0.00;0.00;0.00;0.00;0.00
raspberrypi88;1;1576124033;eth0;60.00;57.00;41.50;50.70;0.00;0.00;0.00;0.42;lo;0.00;0.00;0.00;0.00;0.00;0.00;0.00;0.00;wlan0;0.00;0.00;0.00;0.00;0.00;0.00;0.00;0.00
raspberrypi88;1;1576124034;eth0;61.00;52.00;37.22;44.80;0.00;0.00;0.00;0.37;lo;0.00;0.00;0.00;0.00;0.00;0.00;0.00;0.00;wlan0;0.00;0.00;0.00;0.00;0.00;0.00;0.00;0.00
raspberrypi88;1;1576124035;eth0;65.00;56.00;37.91;45.23;0.00;0.00;0.00;0.37;lo;0.00;0.00;0.00;0.00;0.00;0.00;0.00;0.00;wlan0;0.00;0.00;0.00;0.00;0.00;0.00;0.00;0.00
raspberrypi88;1;1576124036;eth0;64.00;57.00;41.27;49.55;0.00;0.00;0.00;0.41;lo;0.00;0.00;0.00;0.00;0.00;0.00;0.00;0.00;wlan0;0.00;0.00;0.00;0.00;0.00;0.00;0.00;0.00
raspberrypi88;1;1576124037;eth0;67.00;57.00;44.14;52.44;0.00;0.00;0.00;0.43;lo;0.00;0.00;0.00;0.00;0.00;0.00;0.00;0.00;wlan0;0.00;0.00;0.00;0.00;0.00;0.00;0.00;0.00
raspberrypi88;1;1576124038;eth0;61.00;59.00;39.17;50.55;0.00;0.00;0.00;0.41;lo;0.00;0.00;0.00;0.00;0.00;0.00;0.00;0.00;wlan0;0.00;0.00;0.00;0.00;0.00;0.00;0.00;0.00
raspberrypi88;1;1576124039;eth0;67.00;56.00;41.93;50.61;0.00;0.00;0.00;0.41;lo;0.00;0.00;0.00;0.00;0.00;0.00;0.00;0.00;wlan0;0.00;0.00;0.00;0.00;0.00;0.00;0.00;0.00
raspberrypi88;1;1576124040;eth0;66.00;53.00;37.54;44.91;0.00;0.00;0.00;0.37;lo;0.00;0.00;0.00;0.00;0.00;0.00;0.00;0.00;wlan0;0.00;0.00;0.00;0.00;0.00;0.00;0.00;0.00
raspberrypi88;1;1576124041;eth0;60.55;52.29;34.95;41.58;0.00;0.00;0.00;0.34;lo;0.00;0.00;0.00;0.00;0.00;0.00;0.00;0.00;wlan0;0.00;0.00;0.00;0.00;0.00;0.00;0.00;0.00
raspberrypi88;1;1576124042;eth0;69.00;56.00;41.64;49.45;0.00;0.00;0.00;0.41;lo;0.00;0.00;0.00;0.00;0.00;0.00;0.00;0.00;wlan0;0.00;0.00;0.00;0.00;0.00;0.00;0.00;0.00
raspberrypi88;1;1576124043;eth0;59.00;59.00;43.54;52.60;0.00;0.00;0.00;0.43;lo;0.00;0.00;0.00;0.00;0.00;0.00;0.00;0.00;wlan0;0.00;0.00;0.00;0.00;0.00;0.00;0.00;0.00
raspberrypi88;1;1576124044;eth0;71.00;61.00;39.91;50.98;0.00;0.00;0.00;0.42;lo;0.00;0.00;0.00;0.00;0.00;0.00;0.00;0.00;wlan0;0.00;0.00;0.00;0.00;0.00;0.00;0.00;0.00
raspberrypi88;1;1576124045;eth0;58.00;57.00;41.40;50.70;0.00;0.00;0.00;0.42;lo;0.00;0.00;0.00;0.00;0.00;0.00;0.00;0.00;wlan0;0.00;0.00;0.00;0.00;0.00;0.00;0.00;0.00
raspberrypi88;1;1576124046;eth0;65.00;54.00;37.40;44.96;0.00;0.00;0.00;0.37;lo;0.00;0.00;0.00;0.00;0.00;0.00;0.00;0.00;wlan0;0.00;0.00;0.00;0.00;0.00;0.00;0.00;0.00
raspberrypi88;1;1576124047;eth0;66.00;56.00;38.00;45.26;0.00;0.00;0.00;0.37;lo;0.00;0.00;0.00;0.00;0.00;0.00;0.00;0.00;wlan0;0.00;0.00;0.00;0.00;0.00;0.00;0.00;0.00
raspberrypi88;1;1576124048;eth0;58.00;57.00;40.93;49.52;0.00;0.00;0.00;0.41;lo;0.00;0.00;0.00;0.00;0.00;0.00;0.00;0.00;wlan0;0.00;0.00;0.00;0.00;0.00;0.00;0.00;0.00
raspberrypi88;1;1576124049;eth0;64.00;60.00;43.79;52.65;0.00;0.00;0.00;0.43;lo;0.00;0.00;0.00;0.00;0.00;0.00;0.00;0.00;wlan0;0.00;0.00;0.00;0.00;0.00;0.00;0.00;0.00
raspberrypi88;1;1576124050;eth0;62.00;56.00;39.29;50.29;0.00;0.00;0.00;0.41;lo;0.00;0.00;0.00;0.00;0.00;0.00;0.00;0.00;wlan0;0.00;0.00;0.00;0.00;0.00;0.00;0.00;0.00
raspberrypi88;1;1576124051;eth0;73.00;60.00;42.42;50.92;0.00;0.00;0.00;0.42;lo;0.00;0.00;0.00;0.00;0.00;0.00;0.00;0.00;wlan0;0.00;0.00;0.00;0.00;0.00;0.00;0.00;0.00
raspberrypi88;1;1576124052;eth0;53.00;52.00;36.67;44.80;0.00;0.00;0.00;0.37;lo;0.00;0.00;0.00;0.00;0.00;0.00;0.00;0.00;wlan0;0.00;0.00;0.00;0.00;0.00;0.00;0.00;0.00
raspberrypi88;1;1576124053;eth0;63.00;52.00;37.87;44.90;0.00;0.00;0.00;0.37;lo;0.00;0.00;0.00;0.00;0.00;0.00;0.00;0.00;wlan0;0.00;0.00;0.00;0.00;0.00;0.00;0.00;0.00
raspberrypi88;1;1576124054;eth0;63.00;60.00;41.33;49.78;0.00;0.00;0.00;0.41;lo;0.00;0.00;0.00;0.00;0.00;0.00;0.00;0.00;wlan0;0.00;0.00;0.00;0.00;0.00;0.00;0.00;0.00
raspberrypi88;1;1576124055;eth0;67.00;59.00;44.14;52.60;0.00;0.00;0.00;0.43;lo;0.00;0.00;0.00;0.00;0.00;0.00;0.00;0.00;wlan0;0.00;0.00;0.00;0.00;0.00;0.00;0.00;0.00
raspberrypi88;1;1576124056;eth0;65.00;57.00;39.30;50.39;0.00;0.00;0.00;0.41;lo;0.00;0.00;0.00;0.00;0.00;0.00;0.00;0.00;wlan0;0.00;0.00;0.00;0.00;0.00;0.00;0.00;0.00
raspberrypi88;1;1576124057;eth0;66.00;59.00;42.02;50.87;0.00;0.00;0.00;0.42;lo;0.00;0.00;0.00;0.00;0.00;0.00;0.00;0.00;wlan0;0.00;0.00;0.00;0.00;0.00;0.00;0.00;0.00
raspberrypi88;1;1576124058;eth0;50.00;51.00;36.47;44.72;0.00;0.00;0.00;0.37;lo;0.00;0.00;0.00;0.00;0.00;0.00;0.00;0.00;wlan0;0.00;0.00;0.00;0.00;0.00;0.00;0.00;0.00
raspberrypi88;1;1576124059;eth0;60.00;51.00;37.64;44.81;0.00;0.00;0.00;0.37;lo;0.00;0.00;0.00;0.00;0.00;0.00;0.00;0.00;wlan0;0.00;0.00;0.00;0.00;0.00;0.00;0.00;0.00
raspberrypi88;1;1576124060;eth0;62.00;60.00;41.28;49.78;0.00;0.00;0.00;0.41;lo;0.00;0.00;0.00;0.00;0.00;0.00;0.00;0.00;wlan0;0.00;0.00;0.00;0.00;0.00;0.00;0.00;0.00
raspberrypi88;1;1576124061;eth0;62.00;58.00;43.76;52.50;0.00;0.00;0.00;0.43;lo;0.00;0.00;0.00;0.00;0.00;0.00;0.00;0.00;wlan0;0.00;0.00;0.00;0.00;0.00;0.00;0.00;0.00
raspberrypi88;1;1576124062;eth0;56.00;55.00;38.78;50.22;0.00;0.00;0.00;0.41;lo;0.00;0.00;0.00;0.00;0.00;0.00;0.00;0.00;wlan0;0.00;0.00;0.00;0.00;0.00;0.00;0.00;0.00
raspberrypi88;1;1576124063;eth0;69.00;58.00;42.20;50.77;0.00;0.00;0.00;0.42;lo;0.00;0.00;0.00;0.00;0.00;0.00;0.00;0.00;wlan0;0.00;0.00;0.00;0.00;0.00;0.00;0.00;0.00
raspberrypi88;1;1576124064;eth0;53.00;53.00;36.69;44.89;0.00;0.00;0.00;0.37;lo;0.00;0.00;0.00;0.00;0.00;0.00;0.00;0.00;wlan0;0.00;0.00;0.00;0.00;0.00;0.00;0.00;0.00
raspberrypi88;1;1576124065;eth0;62.00;50.00;37.79;44.73;0.00;0.00;0.00;0.37;lo;0.00;0.00;0.00;0.00;0.00;0.00;0.00;0.00;wlan0;0.00;0.00;0.00;0.00;0.00;0.00;0.00;0.00
raspberrypi88;1;1576124066;eth0;54.00;58.00;40.66;49.61;0.00;0.00;0.00;0.41;lo;0.00;0.00;0.00;0.00;0.00;0.00;0.00;0.00;wlan0;0.00;0.00;0.00;0.00;0.00;0.00;0.00;0.00
raspberrypi88;1;1576124067;eth0;78.00;60.00;44.84;52.67;0.00;0.00;0.00;0.43;lo;0.00;0.00;0.00;0.00;0.00;0.00;0.00;0.00;wlan0;0.00;0.00;0.00;0.00;0.00;0.00;0.00;0.00
raspberrypi88;1;1576124068;eth0;58.00;57.00;38.94;50.41;0.00;0.00;0.00;0.41;lo;0.00;0.00;0.00;0.00;0.00;0.00;0.00;0.00;wlan0;0.00;0.00;0.00;0.00;0.00;0.00;0.00;0.00
raspberrypi88;1;1576124069;eth0;66.00;59.00;42.02;50.87;0.00;0.00;0.00;0.42;lo;0.00;0.00;0.00;0.00;0.00;0.00;0.00;0.00;wlan0;0.00;0.00;0.00;0.00;0.00;0.00;0.00;0.00
raspberrypi88;1;1576124070;eth0;60.00;53.00;37.14;44.89;0.00;0.00;0.00;0.37;lo;0.00;0.00;0.00;0.00;0.00;0.00;0.00;0.00;wlan0;0.00;0.00;0.00;0.00;0.00;0.00;0.00;0.00
raspberrypi88;1;1576124071;eth0;56.00;50.00;37.34;44.73;0.00;0.00;0.00;0.37;lo;0.00;0.00;0.00;0.00;0.00;0.00;0.00;0.00;wlan0;0.00;0.00;0.00;0.00;0.00;0.00;0.00;0.00
raspberrypi88;1;1576124072;eth0;61.00;59.00;41.19;49.71;0.00;0.00;0.00;0.41;lo;0.00;0.00;0.00;0.00;0.00;0.00;0.00;0.00;wlan0;0.00;0.00;0.00;0.00;0.00;0.00;0.00;0.00
raspberrypi88;1;1576124073;eth0;63.00;59.00;43.81;52.61;0.00;0.00;0.00;0.43;lo;0.00;0.00;0.00;0.00;0.00;0.00;0.00;0.00;wlan0;0.00;0.00;0.00;0.00;0.00;0.00;0.00;0.00
raspberrypi88;1;1576124074;eth0;65.00;56.00;39.46;50.32;0.00;0.00;0.00;0.41;lo;0.00;0.00;0.00;0.00;0.00;0.00;0.00;0.00;wlan0;0.00;0.00;0.00;0.00;0.00;0.00;0.00;0.00
raspberrypi88;1;1576124075;eth0;54.00;56.00;41.12;50.61;0.00;0.00;0.00;0.41;lo;0.00;0.00;0.00;0.00;0.00;0.00;0.00;0.00;wlan0;0.00;0.00;0.00;0.00;0.00;0.00;0.00;0.00
raspberrypi88;1;1576124076;eth0;60.00;55.00;37.16;45.05;0.00;0.00;0.00;0.37;lo;0.00;0.00;0.00;0.00;0.00;0.00;0.00;0.00;wlan0;0.00;0.00;0.00;0.00;0.00;0.00;0.00;0.00
raspberrypi88;1;1576124077;eth0;59.00;52.00;37.57;44.90;0.00;0.00;0.00;0.37;lo;0.00;0.00;0.00;0.00;0.00;0.00;0.00;0.00;wlan0;0.00;0.00;0.00;0.00;0.00;0.00;0.00;0.00
raspberrypi88;1;1576124078;eth0;53.00;56.00;40.59;49.45;0.00;0.00;0.00;0.41;lo;0.00;0.00;0.00;0.00;0.00;0.00;0.00;0.00;wlan0;0.00;0.00;0.00;0.00;0.00;0.00;0.00;0.00
raspberrypi88;1;1576124079;eth0;60.00;62.00;43.60;52.83;0.00;0.00;0.00;0.43;lo;0.00;0.00;0.00;0.00;0.00;0.00;0.00;0.00;wlan0;0.00;0.00;0.00;0.00;0.00;0.00;0.00;0.00
raspberrypi88;1;1576124080;eth0;55.00;55.00;38.73;50.22;0.00;0.00;0.00;0.41;lo;0.00;0.00;0.00;0.00;0.00;0.00;0.00;0.00;wlan0;0.00;0.00;0.00;0.00;0.00;0.00;0.00;0.00
raspberrypi88;1;1576124081;eth0;63.00;56.00;41.77;50.61;0.00;0.00;0.00;0.41;lo;0.00;0.00;0.00;0.00;0.00;0.00;0.00;0.00;wlan0;0.00;0.00;0.00;0.00;0.00;0.00;0.00;0.00
raspberrypi88;1;1576124082;eth0;65.00;56.00;37.45;45.15;0.00;0.00;0.00;0.37;lo;0.00;0.00;0.00;0.00;0.00;0.00;0.00;0.00;wlan0;0.00;0.00;0.00;0.00;0.00;0.00;0.00;0.00
raspberrypi88;1;1576124083;eth0;52.00;50.00;37.04;44.73;0.00;0.00;0.00;0.37;lo;0.00;0.00;0.00;0.00;0.00;0.00;0.00;0.00;wlan0;0.00;0.00;0.00;0.00;0.00;0.00;0.00;0.00
raspberrypi88;1;1576124084;eth0;46.00;24.00;40.50;1.87;0.00;0.00;0.00;0.33;lo;0.00;0.00;0.00;0.00;0.00;0.00;0.00;0.00;wlan0;0.00;0.00;0.00;0.00;0.00;0.00;0.00;0.00
raspberrypi88;1;1576124085;eth0;52.00;54.00;28.00;49.32;0.00;0.00;0.00;0.40;lo;0.00;0.00;0.00;0.00;0.00;0.00;0.00;0.00;wlan0;0.00;0.00;0.00;0.00;0.00;0.00;0.00;0.00
raspberrypi88;1;1576124086;eth0;49.00;42.00;18.22;51.30;0.00;0.00;0.00;0.42;lo;0.00;0.00;0.00;0.00;0.00;0.00;0.00;0.00;wlan0;0.00;0.00;0.00;0.00;0.00;0.00;0.00;0.00
raspberrypi88;1;1576124087;eth0;58.00;55.00;38.97;50.22;0.00;0.00;0.00;0.41;lo;0.00;0.00;0.00;0.00;0.00;0.00;0.00;0.00;wlan0;0.00;0.00;0.00;0.00;0.00;0.00;0.00;0.00
raspberrypi88;1;1576124088;eth0;61.00;61.00;41.60;51.03;0.00;0.00;0.00;0.42;lo;0.00;0.00;0.00;0.00;0.00;0.00;0.00;0.00;wlan0;0.00;0.00;0.00;0.00;0.00;0.00;0.00;0.00
raspberrypi88;1;1576124089;eth0;51.00;50.00;36.53;44.63;0.00;0.00;0.00;0.37;lo;0.00;0.00;0.00;0.00;0.00;0.00;0.00;0.00;wlan0;0.00;0.00;0.00;0.00;0.00;0.00;0.00;0.00
raspberrypi88;1;1576124090;eth0;61.00;52.00;37.71;44.92;0.00;0.00;0.00;0.37;lo;0.00;0.00;0.00;0.00;0.00;0.00;0.00;0.00;wlan0;0.00;0.00;0.00;0.00;0.00;0.00;0.00;0.00
raspberrypi88;1;1576124091;eth0;56.00;57.00;40.82;49.52;0.00;0.00;0.00;0.41;lo;0.00;0.00;0.00;0.00;0.00;0.00;0.00;0.00;wlan0;0.00;0.00;0.00;0.00;0.00;0.00;0.00;0.00
raspberrypi88;1;1576124092;eth0;66.00;62.00;43.96;52.86;0.00;0.00;0.00;0.43;lo;0.00;0.00;0.00;0.00;0.00;0.00;0.00;0.00;wlan0;0.00;0.00;0.00;0.00;0.00;0.00;0.00;0.00
raspberrypi88;1;1576124093;eth0;61.00;55.00;39.17;50.22;0.00;0.00;0.00;0.41;lo;0.00;0.00;0.00;0.00;0.00;0.00;0.00;0.00;wlan0;0.00;0.00;0.00;0.00;0.00;0.00;0.00;0.00
raspberrypi88;1;1576124094;eth0;57.00;59.00;41.33;50.87;0.00;0.00;0.00;0.42;lo;0.00;0.00;0.00;0.00;0.00;0.00;0.00;0.00;wlan0;0.00;0.00;0.00;0.00;0.00;0.00;0.00;0.00
raspberrypi88;1;1576124095;eth0;71.00;55.00;37.86;45.03;0.00;0.00;0.00;0.37;lo;0.00;0.00;0.00;0.00;0.00;0.00;0.00;0.00;wlan0;0.00;0.00;0.00;0.00;0.00;0.00;0.00;0.00
raspberrypi88;1;1576124096;eth0;62.00;51.00;37.78;44.83;0.00;0.00;0.00;0.37;lo;0.00;0.00;0.00;0.00;0.00;0.00;0.00;0.00;wlan0;1.00;2.00;0.16;0.34;0.00;0.00;1.00;0.00
raspberrypi88;1;1576124097;eth0;69.00;57.00;41.62;49.52;0.00;0.00;0.00;0.41;lo;0.00;0.00;0.00;0.00;0.00;0.00;0.00;0.00;wlan0;0.00;0.00;0.00;0.00;0.00;0.00;0.00;0.00
raspberrypi88;1;1576124098;eth0;65.00;62.00;43.96;52.86;0.00;0.00;0.00;0.43;lo;0.00;0.00;0.00;0.00;0.00;0.00;0.00;0.00;wlan0;0.00;0.00;0.00;0.00;0.00;0.00;0.00;0.00
raspberrypi88;1;1576124099;eth0;65.00;55.00;39.47;50.23;0.00;0.00;0.00;0.41;lo;0.00;0.00;0.00;0.00;0.00;0.00;0.00;0.00;wlan0;0.00;0.00;0.00;0.00;0.00;0.00;0.00;0.00
raspberrypi88;2;1576124101;eth0;57.89;54.07;37.70;45.86;0.00;0.00;0.00;0.38;lo;0.00;0.00;0.00;0.00;0.00;0.00;0.00;0.00;wlan0;0.00;0.00;0.00;0.00;0.00;0.00;0.00;0.00
raspberrypi88;1;1576124102;eth0;72.00;51.00;38.41;44.81;0.00;0.00;0.00;0.37;lo;0.00;0.00;0.00;0.00;0.00;0.00;0.00;0.00;wlan0;0.00;0.00;0.00;0.00;0.00;0.00;0.00;0.00
raspberrypi88;1;1576124103;eth0;60.00;56.00;41.13;49.45;0.00;0.00;0.00;0.41;lo;0.00;0.00;0.00;0.00;0.00;0.00;0.00;0.00;wlan0;0.00;0.00;0.00;0.00;0.00;0.00;0.00;0.00
raspberrypi88;1;1576124104;eth0;28.00;14.00;2.06;1.25;0.00;0.00;0.00;0.02;lo;0.00;0.00;0.00;0.00;0.00;0.00;0.00;0.00;wlan0;0.00;0.00;0.00;0.00;0.00;0.00;0.00;0.00

