idx,fv,fproc,bv,bproc,flat_mean,flat_90th,v0,v1,v2,v3
1,3,320,14,1540,421.877886,505.868196,270,35,15,0
1,2,290,15,1570,398.443018,484.162426,270,20,0,0
1,2,285,15,1575,388.443364,486.012483,270,15,0,0
1,3,310,14,1550,398.233262,489.916301,25,15,270,0
1,3,320,14,1540,427.270412,509.227729,270,35,15,0
1,4,335,13,1525,425.278451,510.412073,270,35,15,15
2,1,270,16,1615,379.376031,467.718267,270,0,0,0
2,2,285,15,1600,384.087635,481.015611,270,15,0,0
2,2,305,15,1580,417.778213,486.594749,35,270,0,0
2,4,355,13,1530,434.090316,497.607589,35,270,25,25
2,4,335,13,1550,418.969957,491.536975,15,35,15,270
2,4,335,13,1550,422.611535,499.807668,25,25,15,270
3,4,365,12,1510,453.317977,533.916998,270,25,35,35
3,1,270,15,1605,390.457429,482.639051,270,0,0,0
3,3,315,13,1560,389.743042,491.502523,25,270,20,0
3,1,270,15,1605,397.438396,482.012820,270,0,0,0
3,3,310,13,1565,389.554906,491.936398,15,270,25,0
3,4,345,12,1530,421.933917,488.349509,15,35,25,270
4,3,300,12,1545,380.438926,484.549308,15,15,270,0
4,1,270,14,1575,391.979409,478.760910,270,0,0,0
4,3,330,12,1515,431.437151,511.988973,270,35,25,0
4,3,330,12,1515,429.304307,514.633346,270,35,25,0
4,2,290,13,1555,405.002822,488.981318,270,20,0,0
4,3,325,12,1520,436.915647,513.230443,270,20,35,0
5,3,315,14,1540,403.062893,505.405593,20,25,270,0
5,4,320,13,1535,412.023123,499.279475,20,15,15,270
5,1,270,16,1585,399.858258,490.038657,270,0,0,0
5,4,345,13,1510,386.436064,495.515847,15,35,270,25
5,4,335,13,1520,420.168414,515.919852,25,270,20,20
5,1,270,16,1585,394.723674,496.245790,270,0,0,0
6,2,285,12,1490,389.693958,493.170500,15,270,0,0
6,4,340,10,1435,426.569948,510.194039,270,25,20,25
6,1,270,13,1505,399.832246,496.438384,270,0,0,0
6,1,270,13,1505,373.989439,470.089317,270,0,0,0
6,3,310,11,1465,411.093650,501.796460,20,270,20,0
6,3,300,11,1475,400.297729,489.236284,15,270,15,0
7,2,305,12,1495,406.174611,495.515132,270,35,0,0
7,1,270,13,1530,391.571656,473.666001,270,0,0,0
7,1,270,13,1530,378.522840,476.767087,270,0,0,0
7,4,320,10,1480,396.684685,488.819003,15,15,270,20
7,2,290,12,1510,396.773276,492.024279,20,270,0,0
7,4,345,10,1455,394.654386,490.966320,15,25,35,270
8,1,270,15,1625,382.291098,472.640824,270,0,0,0
8,4,365,12,1530,435.611081,533.197999,25,35,35,270
8,3,325,13,1570,395.832605,497.095633,20,35,270,0
8,1,270,15,1625,383.409475,474.712539,270,0,0,0
8,3,300,13,1595,393.503397,491.537976,15,15,270,0
8,4,365,12,1530,437.083861,510.998511,35,270,25,35
9,3,320,12,1525,368.376410,486.594105,15,35,270,0
9,2,295,13,1550,367.316531,456.613254,25,270,0,0
9,2,305,13,1540,403.789073,473.083639,35,270,0,0
9,4,335,11,1510,410.809360,491.351104,25,25,15,270
9,3,320,12,1525,401.087966,465.054202,35,15,270,0
9,1,270,14,1575,363.375903,457.823205,270,0,0,0
10,1,270,13,1530,377.044030,470.439386,270,0,0,0
10,4,345,10,1455,392.914132,487.226486,25,15,35,270
10,3,325,11,1475,426.303310,487.101031,35,20,270,0
10,1,270,13,1530,389.957216,485.751200,270,0,0,0
10,4,320,10,1480,396.085138,488.057804,15,20,270,15
10,1,270,13,1530,383.688542,467.295074,270,0,0,0
11,2,285,8,1410,387.692060,472.021771,15,270,0,0
11,1,270,9,1425,385.653793,465.742302,270,0,0,0
11,1,270,9,1425,382.727815,473.125077,270,0,0,0
11,2,290,8,1405,391.421384,487.025714,20,270,0,0
11,1,270,9,1425,375.532762,470.741772,270,0,0,0
11,3,310,7,1385,405.295812,487.635661,15,25,270,0
12,2,305,13,1530,414.214787,505.237865,270,35,0,0
12,1,270,14,1565,383.273537,474.172473,270,0,0,0
12,1,270,14,1565,377.482018,465.319729,270,0,0,0
12,4,320,11,1515,427.663956,503.956533,270,15,20,15
12,4,350,11,1485,399.738678,493.583250,20,25,35,270
12,3,320,12,1515,411.360406,496.146798,15,270,35,0
13,4,335,9,1455,404.783417,474.965239,35,15,15,270
13,1,270,12,1520,383.160572,472.204900,270,0,0,0
13,1,270,12,1520,381.488961,466.924905,270,0,0,0
13,2,295,11,1495,401.808498,479.488826,270,25,0,0
13,1,270,12,1520,388.927795,475.141716,270,0,0,0
13,4,350,9,1440,395.812502,488.528466,25,35,270,20
14,3,300,12,1540,384.246087,486.853432,15,15,270,0
14,4,340,11,1500,412.843285,487.174105,35,20,270,15
14,2,305,13,1535,398.984086,467.876935,35,270,0,0
14,3,340,12,1500,420.922649,562.416291,35,35,270,0
14,1,270,14,1570,397.003006,479.949165,270,0,0,0
14,2,285,13,1555,397.797130,488.957596,270,15,0,0
15,2,285,11,1490,389.709492,480.288219,15,270,0,0
15,1,270,12,1505,374.688317,452.338957,270,0,0,0
15,4,345,9,1430,421.787615,479.964876,35,15,270,25
15,1,270,12,1505,393.448743,485.356593,270,0,0,0
15,4,335,9,1440,422.382990,496.936059,270,35,15,15
15,1,270,12,1505,389.481550,471.194721,270,0,0,0
16,3,315,16,1595,416.565113,509.337235,25,20,270,0
16,4,325,15,1585,416.078844,526.207924,15,270,25,15
16,3,315,16,1595,397.055469,498.211003,25,270,20,0
16,4,340,15,1570,441.475736,505.803395,35,20,15,270
16,1,270,18,1640,393.585396,500.939154,270,0,0,0
16,4,345,15,1565,443.446783,535.521245,270,35,25,15
17,3,305,20,1730,419.604116,521.067309,15,20,270,0
17,4,365,19,1670,435.473661,516.602397,35,25,270,35
17,4,355,19,1680,432.511275,534.145951,15,270,35,35
17,4,355,19,1680,438.951893,530.311703,270,35,25,25
17,4,325,19,1710,434.974418,541.169906,20,15,270,20
17,4,330,19,1705,424.658667,542.123699,15,25,270,20
18,2,305,16,1550,418.251500,509.753966,270,35,0,0
18,4,320,14,1535,412.114785,509.434033,15,20,270,15
18,3,300,15,1555,417.905804,506.604576,270,15,15,0
18,4,345,14,1510,441.609241,507.824373,35,20,20,270
18,1,270,17,1585,385.889167,485.683060,270,0,0,0
18,4,315,14,1540,411.398001,510.654211,15,15,15,270
19,2,295,8,1405,386.649876,468.544126,25,270,0,0
19,2,285,8,1415,387.604849,471.485615,15,270,0,0
19,1,270,9,1430,385.210551,470.272589,270,0,0,0
19,3,310,7,1390,396.960835,477.345848,25,15,270,0
19,1,270,9,1430,365.374962,460.429072,270,0,0,0
19,1,270,9,1430,366.866784,450.050020,270,0,0,0
20,2,290,12,1540,395.568763,489.825178,20,270,0,0
20,1,270,13,1560,376.622521,475.003481,270,0,0,0
20,3,320,11,1510,418.032326,506.920433,15,270,35,0
20,3,340,11,1490,424.295038,509.210372,270,35,35,0
20,4,340,10,1490,424.428102,510.570145,270,25,20,25
20,1,270,13,1560,384.986941,472.619415,270,0,0,0
21,2,305,8,1445,392.600629,465.369987,35,270,0,0
21,3,340,7,1410,421.728524,500.053739,270,35,35,0
21,1,270,9,1480,390.446509,468.951941,270,0,0,0
21,2,295,8,1455,401.472598,483.707690,270,25,0,0
21,1,270,9,1480,393.461835,474.506712,270,0,0,0
21,1,270,9,1480,388.380377,468.722939,270,0,0,0
22,3,315,10,1445,402.352359,509.950399,25,20,270,0
22,2,290,11,1470,405.874866,489.966607,270,20,0,0
22,1,270,12,1490,380.881634,478.201532,270,0,0,0
22,1,270,12,1490,393.844151,482.190776,270,0,0,0
22,3,315,10,1445,400.324018,496.256733,25,270,20,0
22,3,300,10,1460,373.834020,480.104971,15,270,15,0
23,2,285,11,1490,382.408392,477.949810,15,270,0,0
23,2,305,11,1470,391.357040,461.838245,35,270,0,0
23,4,325,9,1450,416.105078,500.902343,270,15,15,25
23,1,270,12,1505,373.862364,465.110588,270,0,0,0
23,3,320,10,1455,405.707742,493.616271,25,270,25,0
23,1,270,12,1505,372.674992,460.889244,270,0,0,0
24,4,325,15,1550,412.005360,509.412170,15,270,25,15
24,1,270,18,1605,386.458504,486.073017,270,0,0,0
24,3,300,16,1575,408.620616,510.303831,270,15,15,0
24,4,330,15,1545,410.103322,500.217247,15,25,20,270
24,3,310,16,1565,399.427094,500.387215,25,270,15,0
24,4,340,15,1535,424.839410,520.078469,15,270,20,35
25,1,270,14,1575,378.703657,475.529790,270,0,0,0
25,3,330,12,1515,375.987620,478.709578,25,35,270,0
25,1,270,14,1575,403.302412,490.108990,270,0,0,0
25,4,355,11,1490,409.347403,489.905762,270,25,35,25
25,2,285,13,1560,406.537299,486.723352,270,15,0,0
25,4,335,11,1510,427.971580,509.482408,270,20,20,25
26,2,305,8,1400,397.246453,486.325907,270,35,0,0
26,1,270,9,1435,393.293980,477.300120,270,0,0,0
26,2,285,8,1420,377.255753,467.947435,15,270,0,0
26,3,305,7,1400,402.194771,485.168624,20,15,270,0
26,1,270,9,1435,387.880789,465.350079,270,0,0,0
26,1,270,9,1435,388.254876,475.418067,270,0,0,0
27,3,310,10,1500,371.033123,481.305123,25,15,270,0
27,3,330,10,1480,424.315742,504.214454,270,25,35,0
27,1,270,12,1540,388.440644,483.428073,270,0,0,0
27,1,270,12,1540,385.362453,471.337628,270,0,0,0
27,4,360,9,1450,424.047976,566.952372,35,35,270,20
27,1,270,12,1540,390.982246,485.816145,270,0,0,0
28,2,285,10,1445,374.080830,464.667010,15,270,0,0
28,4,325,8,1405,400.980282,487.659669,15,25,270,15
28,1,270,11,1460,379.606189,467.859912,270,0,0,0
28,1,270,11,1460,380.077797,469.569278,270,0,0,0
28,3,310,9,1420,400.307394,481.610608,25,270,15,0
28,1,270,11,1460,384.361787,474.184466,270,0,0,0
29,2,285,12,1545,381.645921,470.727921,15,270,0,0
29,3,330,11,1500,416.314474,503.141522,270,25,35,0
29,4,355,10,1475,411.356369,495.564985,270,25,25,35
29,2,295,12,1535,390.198665,481.489373,25,270,0,0
29,2,295,12,1535,405.539253,491.165447,270,25,0,0
29,1,270,13,1560,390.020505,479.728437,270,0,0,0
30,2,285,12,1510,380.255353,470.779920,15,270,0,0
30,1,270,13,1525,395.809351,478.909183,270,0,0,0
30,4,330,10,1465,418.512099,498.691225,15,25,20,270
30,2,305,12,1490,411.685740,479.364372,35,270,0,0
30,1,270,13,1525,388.006318,474.050117,270,0,0,0
30,4,335,10,1460,416.460363,499.238634,270,15,15,35
31,3,300,8,1415,386.843436,477.310657,15,270,15,0
31,2,305,9,1410,404.737170,467.977667,35,270,0,0
31,2,285,9,1430,377.581832,467.289281,15,270,0,0
31,1,270,10,1445,372.989781,470.021582,270,0,0,0
31,1,270,10,1445,375.860962,453.714132,270,0,0,0
31,2,285,9,1430,399.694177,476.725650,270,15,0,0
32,2,285,12,1510,393.809289,495.363712,15,270,0,0
32,1,270,13,1525,379.758948,475.995326,270,0,0,0
32,4,325,10,1470,424.698492,515.802336,20,270,15,20
32,2,290,12,1505,407.514970,485.988784,270,20,0,0
32,4,355,10,1440,409.204211,482.569552,25,35,25,270
32,1,270,13,1525,399.700148,492.994952,270,0,0,0
33,3,340,12,1505,420.631382,508.017850,270,35,35,0
33,2,295,13,1550,387.632070,485.307885,25,270,0,0
33,4,345,11,1500,414.949933,485.038495,35,25,15,270
33,4,325,11,1520,412.960206,506.513000,15,20,270,20
33,1,270,14,1575,399.756380,493.592167,270,0,0,0
33,1,270,14,1575,388.950706,474.242831,270,0,0,0
34,3,310,9,1440,405.203379,496.370816,270,25,15,0
34,1,270,11,1480,389.540167,478.119612,270,0,0,0
34,1,270,11,1480,382.550370,469.273400,270,0,0,0
34,2,285,10,1465,406.951333,481.366921,270,15,0,0
34,1,270,11,1480,367.620431,457.764077,270,0,0,0
34,4,345,8,1405,411.208742,480.796004,35,15,270,25
35,2,305,10,1435,385.636542,473.654651,270,35,0,0
35,2,285,10,1455,400.447218,474.597835,270,15,0,0
35,3,310,9,1430,400.597929,480.862236,15,270,25,0
35,2,285,10,1455,394.333253,481.515527,270,15,0,0
35,2,285,10,1455,389.109287,475.281930,15,270,0,0
35,1,270,11,1470,391.180995,472.604823,270,0,0,0
36,2,305,10,1450,415.709150,495.584393,270,35,0,0
36,2,295,10,1460,379.991413,479.636455,25,270,0,0
36,3,310,9,1445,427.788776,501.367665,270,15,25,0
36,3,305,9,1450,407.855577,492.261815,20,270,15,0
36,1,270,11,1485,393.579758,479.344249,270,0,0,0
36,1,270,11,1485,377.471917,475.886727,270,0,0,0
37,1,270,13,1500,374.382438,462.330913,270,0,0,0
37,3,320,11,1450,410.078715,505.206442,15,270,35,0
37,4,315,10,1455,407.403350,502.864790,15,270,15,15
37,1,270,13,1500,387.048342,474.956655,270,0,0,0
37,4,325,10,1445,414.887755,501.983666,20,15,270,20
37,1,270,13,1500,386.030059,490.861463,270,0,0,0
38,3,310,12,1500,398.910067,496.647143,270,25,15,0
38,3,315,12,1495,396.435448,501.297903,20,270,25,0
38,1,270,14,1540,378.289067,484.205437,270,0,0,0
38,2,285,13,1525,394.980364,492.848373,15,270,0,0
38,4,335,11,1475,411.281706,507.064057,15,270,15,35
38,2,295,13,1515,395.087314,492.519378,25,270,0,0
39,2,305,12,1505,392.758352,482.395363,270,35,0,0
39,2,285,12,1525,406.275131,487.650513,270,15,0,0
39,1,270,13,1540,379.072735,477.006054,270,0,0,0
39,3,305,11,1505,408.279225,501.539898,20,270,15,0
39,3,330,11,1480,411.422501,496.060896,25,270,35,0
39,3,315,11,1495,421.385584,504.853344,270,25,20,0
40,2,285,13,1535,383.816732,487.343860,15,270,0,0
40,3,305,12,1515,410.488106,504.609275,15,20,270,0
40,1,270,14,1550,394.125856,484.325242,270,0,0,0
40,2,290,13,1530,396.765956,495.427704,20,270,0,0
40,4,345,11,1475,425.279765,513.887644,25,15,270,35
40,3,325,12,1495,412.483307,500.792218,270,20,35,0
41,2,305,13,1515,409.283508,479.414582,35,270,0,0
41,1,270,14,1550,398.243494,476.853013,270,0,0,0
41,3,310,12,1510,413.611288,490.155506,25,15,270,0
41,4,325,11,1495,420.840642,498.443937,270,15,25,15
41,1,270,14,1550,375.627501,467.729021,270,0,0,0
41,4,340,11,1480,416.095895,483.907914,35,270,15,20
42,2,305,8,1395,396.339493,477.062702,270,35,0,0
42,1,270,9,1430,391.026732,463.460803,270,0,0,0
42,1,270,9,1430,383.854228,458.832049,270,0,0,0
42,1,270,9,1430,393.976574,464.366222,270,0,0,0
42,1,270,9,1430,371.666758,455.513382,270,0,0,0
42,4,315,6,1385,405.100261,483.692455,15,270,15,15
43,2,285,11,1475,379.778146,471.979714,15,270,0,0
43,3,330,10,1430,410.608856,501.674533,270,25,35,0
43,2,290,11,1470,388.589250,482.308387,270,20,0,0
43,2,285,11,1475,387.123137,472.996784,15,270,0,0
43,3,300,10,1460,407.227976,479.974509,270,15,15,0
43,1,270,12,1490,381.768694,467.831182,270,0,0,0
44,3,315,9,1440,408.465760,491.020942,20,25,270,0
44,2,290,10,1465,409.951963,480.488634,270,20,0,0
44,1,270,11,1485,393.443644,471.338606,270,0,0,0
44,1,270,11,1485,391.654780,482.052922,270,0,0,0
44,4,340,8,1415,430.770665,500.214577,270,25,25,20
44,1,270,11,1485,369.260113,458.581495,270,0,0,0
45,3,340,14,1515,442.011250,529.271269,270,35,35,0
45,3,310,14,1545,424.732683,505.471587,270,15,25,0
45,3,315,14,1540,407.821382,503.885413,25,270,20,0
45,2,285,15,1570,408.892092,495.506072,270,15,0,0
45,3,300,14,1555,391.586101,485.867929,270,15,15,0
45,3,305,14,1550,413.615863,508.562422,270,20,15,0
46,2,285,14,1555,379.786594,478.575111,15,270,0,0
46,3,310,13,1530,405.539842,508.218002,20,270,20,0
46,4,345,12,1495,429.263791,520.507240,270,25,15,35
46,4,335,12,1505,415.125437,512.358928,25,25,270,15
46,1,270,15,1570,388.626189,490.210509,270,0,0,0
46,2,295,14,1545,389.176786,478.092646,25,270,0,0
47,4,325,13,1555,414.581703,511.173725,25,270,15,15
47,1,270,16,1610,392.484896,482.778216,270,0,0,0
47,4,340,13,1540,418.862791,514.105249,15,20,270,35
47,1,270,16,1610,379.651270,471.153354,270,0,0,0
47,3,320,14,1560,421.629587,510.729599,270,35,15,0
47,4,355,13,1525,428.314735,496.997380,35,15,270,35
48,1,270,16,1675,388.151970,491.611386,270,0,0,0
48,3,330,14,1615,416.049690,514.295626,25,270,35,0
48,2,290,15,1655,372.872410,486.092710,20,270,0,0
48,3,340,14,1605,435.455519,525.892281,270,35,35,0
48,4,355,13,1590,428.791388,581.508851,35,35,270,15
48,4,360,13,1585,439.633869,536.194921,20,270,35,35
49,2,285,8,1415,366.895049,461.133385,15,270,0,0
49,2,285,8,1415,386.261947,476.723743,15,270,0,0
49,2,305,8,1395,408.050997,486.516905,270,35,0,0
49,1,270,9,1430,381.343932,464.737868,270,0,0,0
49,2,285,8,1415,378.908030,474.103976,15,270,0,0
49,1,270,9,1430,372.996609,472.731638,270,0,0,0
50,2,290,11,1490,397.476354,483.841657,20,270,0,0
50,2,305,11,1475,418.694971,494.287610,270,35,0,0
50,2,285,11,1495,388.848605,483.185458,270,15,0,0
50,4,345,9,1435,412.949400,477.651954,35,15,270,25
50,2,285,11,1495,391.144735,474.974394,15,270,0,0
50,1,270,12,1510,372.947105,462.309933,270,0,0,0
51,2,290,12,1505,398.047980,486.385560,20,270,0,0
51,2,285,12,1510,393.016882,483.228040,270,15,0,0
51,1,270,13,1525,381.602176,475.583530,270,0,0,0
51,4,335,10,1460,388.055857,487.319398,15,270,35,15
51,2,295,12,1500,397.609034,498.378516,25,270,0,0
51,3,320,11,1475,370.947461,472.108149,15,35,270,0
52,2,305,15,1545,418.173952,483.404040,35,270,0,0
52,4,315,13,1535,395.645988,506.567001,15,270,15,15
52,3,310,14,1540,405.994260,498.909426,25,270,15,0
52,4,340,13,1510,423.995141,520.468425,20,270,25,25
52,2,295,15,1555,406.946748,486.577201,270,25,0,0
52,2,285,15,1565,400.179335,489.817310,270,15,0,0
53,2,290,16,1555,398.408474,491.439390,20,270,0,0
53,1,270,17,1575,380.335504,498.256779,270,0,0,0
53,4,315,14,1530,411.351691,509.213209,15,270,15,15
53,4,320,14,1525,418.565929,502.484441,270,15,15,20
53,4,330,14,1515,421.818147,510.750413,15,25,20,270
53,3,320,15,1525,413.840227,486.073065,35,270,15,0
54,4,325,11,1465,409.569775,495.055341,25,15,15,270
54,1,270,14,1520,379.609767,468.675590,270,0,0,0
54,4,340,11,1450,423.679998,504.536295,270,35,15,20
54,1,270,14,1520,390.582575,474.408531,270,0,0,0
54,1,270,14,1520,394.865112,476.021099,270,0,0,0
54,4,315,11,1475,401.878728,496.314764,15,270,15,15
55,2,295,10,1470,387.497503,474.963952,25,270,0,0
55,2,285,10,1480,404.952496,480.347228,270,15,0,0
55,2,290,10,1475,381.255327,483.177209,20,270,0,0
55,4,355,8,1410,431.058718,511.753440,270,15,35,35
55,1,270,11,1495,385.965112,474.753309,270,0,0,0
55,1,270,11,1495,389.327438,482.929659,270,0,0,0
56,3,310,13,1540,409.037656,497.714090,25,15,270,0
56,1,270,15,1580,388.530438,485.453868,270,0,0,0
56,1,270,15,1580,393.791423,490.963721,270,0,0,0
56,3,325,13,1525,411.299791,498.180175,270,35,20,0
56,4,330,12,1520,424.251693,515.939045,20,270,15,25
56,4,345,12,1505,424.427705,520.719361,25,270,35,15
57,2,295,9,1440,409.804734,490.726185,270,25,0,0
57,4,345,7,1390,423.516815,504.165006,270,20,35,20
57,1,270,10,1465,389.036454,472.736145,270,0,0,0
57,1,270,10,1465,390.760971,478.437876,270,0,0,0
57,2,285,9,1450,385.402918,466.762853,15,270,0,0
57,1,270,10,1465,400.574934,485.428810,270,0,0,0
58,2,295,16,1585,385.513324,490.989756,25,270,0,0
58,3,315,15,1565,416.741998,521.330905,20,270,25,0
58,2,285,16,1595,389.603047,503.049445,15,270,0,0
58,4,325,14,1555,430.037024,519.549012,15,20,270,20
58,3,330,15,1550,412.378314,495.190119,35,270,25,0
58,4,330,14,1550,426.240054,526.438403,25,15,270,20
59,3,320,7,1380,416.467650,495.835114,270,35,15,0
59,1,270,9,1430,381.715627,458.437252,270,0,0,0
59,1,270,9,1430,389.875320,462.286663,270,0,0,0
59,2,285,8,1415,372.724203,460.908199,15,270,0,0
59,2,285,8,1415,401.286786,475.949025,270,15,0,0
59,1,270,9,1430,362.730330,451.195312,270,0,0,0
60,3,300,14,1565,422.680616,495.097518,270,15,15,0
60,2,295,15,1570,411.444579,498.174191,270,25,0,0
60,1,270,16,1595,375.927596,486.427689,270,0,0,0
60,4,350,13,1515,429.365647,526.340008,25,20,270,35
60,4,330,13,1535,426.893843,511.995983,20,15,25,270
60,3,320,14,1545,418.978097,488.811994,35,270,15,0
61,1,270,15,1600,396.274946,486.565065,270,0,0,0
61,3,330,13,1540,436.743075,519.412708,270,35,25,0
61,3,320,13,1550,417.052346,509.941030,270,35,15,0
61,4,335,12,1535,396.515557,497.140098,20,270,25,20
61,4,345,12,1525,431.653459,526.008773,270,35,25,15
61,1,270,15,1600,401.535231,483.746051,270,0,0,0
62,1,270,10,1485,388.120259,466.275954,270,0,0,0
62,2,285,9,1470,398.165652,470.999932,270,15,0,0
62,3,320,8,1435,395.036590,474.169088,25,25,270,0
62,2,305,9,1450,394.592569,461.615849,35,270,0,0
62,2,305,9,1450,396.555947,456.518149,35,270,0,0
62,1,270,10,1485,367.866229,459.396815,270,0,0,0
63,1,270,13,1500,366.943483,464.372730,270,0,0,0
63,3,300,11,1470,393.436960,479.729724,15,15,270,0
63,3,320,11,1450,410.425258,497.662735,270,35,15,0
63,2,295,12,1475,391.936883,482.807421,25,270,0,0
63,4,315,10,1455,398.357073,488.437080,15,270,15,15
63,1,270,13,1500,393.075856,472.508740,270,0,0,0
64,2,285,14,1575,397.657986,483.845544,270,15,0,0
64,3,330,13,1530,408.136450,470.483375,35,25,270,0
64,2,290,14,1570,378.493800,479.352045,20,270,0,0
64,4,335,12,1525,432.201897,491.749072,35,15,15,270
64,1,270,15,1590,386.192060,476.227665,270,0,0,0
64,4,350,12,1510,393.611516,495.149589,25,35,270,20
65,3,320,11,1465,414.719064,501.380038,270,25,25,0
65,1,270,13,1515,393.046534,489.082837,270,0,0,0
65,1,270,13,1515,399.137554,477.352357,270,0,0,0
65,4,330,10,1455,411.575857,492.571092,270,15,20,25
65,1,270,13,1515,399.640580,484.044170,270,0,0,0
65,4,325,10,1460,411.931280,500.514245,25,270,15,15
66,4,335,5,1350,412.587844,491.132855,15,270,35,15
66,1,270,8,1415,391.482692,470.810270,270,0,0,0
66,1,270,8,1415,375.163178,457.666898,270,0,0,0
66,1,270,8,1415,368.537073,455.450153,270,0,0,0
66,1,270,8,1415,388.587157,471.644902,270,0,0,0
66,1,270,8,1415,388.027983,458.254289,270,0,0,0
67,3,305,12,1495,415.241389,491.177440,270,15,20,0
67,4,345,11,1455,410.313594,509.605837,25,25,25,270
67,4,320,11,1480,418.270702,504.487014,15,15,20,270
67,1,270,14,1530,393.065614,487.826275,270,0,0,0
67,2,290,13,1510,415.695264,495.811939,270,20,0,0
67,1,270,14,1530,398.613272,485.516620,270,0,0,0
68,2,295,14,1530,381.163051,478.074860,25,270,0,0
68,3,325,13,1500,417.406551,503.851986,270,20,35,0
68,4,325,12,1500,405.618323,498.326110,25,15,270,15
68,2,290,14,1535,413.848746,504.980779,270,20,0,0
68,1,270,15,1555,373.889142,472.489524,270,0,0,0
68,4,320,12,1505,405.412357,496.862006,20,270,15,15
69,3,315,15,1555,429.951507,511.435509,270,20,25,0
69,1,270,17,1600,393.757902,497.978235,270,0,0,0
69,4,340,14,1530,415.064039,515.251255,25,270,25,20
69,3,305,15,1565,400.365692,509.442926,15,20,270,0
69,4,320,14,1550,431.560415,519.384002,15,20,15,270
69,3,320,15,1550,424.646095,497.494960,35,270,15,0
70,3,300,12,1505,381.047448,471.538877,15,15,270,0
70,3,320,12,1485,394.123591,469.898820,35,15,270,0
70,1,270,14,1535,382.838421,477.542925,270,0,0,0
70,3,320,12,1485,367.328881,470.407033,15,35,270,0
70,2,295,13,1510,390.139486,483.356809,25,270,0,0
70,3,300,12,1505,382.482497,474.466252,15,15,270,0
71,1,270,15,1575,389.577024,481.793165,270,0,0,0
71,2,285,14,1560,408.463281,500.821591,270,15,0,0
71,4,360,12,1485,433.381637,517.837310,270,35,20,35
71,4,325,12,1520,432.459971,518.132401,270,15,25,15
71,1,270,15,1575,391.277490,488.428355,270,0,0,0
71,4,335,12,1510,385.919154,490.659475,15,15,35,270
72,2,295,13,1530,387.239537,483.587742,25,270,0,0
72,1,270,14,1555,386.991106,479.235029,270,0,0,0
72,1,270,14,1555,378.666763,480.376959,270,0,0,0
72,4,345,11,1480,413.859733,514.631725,15,270,35,25
72,3,325,12,1500,380.031871,480.733561,20,35,270,0
72,4,320,11,1505,410.584624,496.131039,15,15,20,270
73,3,310,12,1480,392.591190,485.547042,25,15,270,0
73,4,335,11,1455,413.431234,485.429096,15,35,15,270
73,1,270,14,1520,395.460985,471.628379,270,0,0,0
73,1,270,14,1520,377.444218,462.250232,270,0,0,0
73,3,300,12,1490,413.958415,494.551754,270,15,15,0
73,3,305,12,1485,419.531201,495.606589,270,20,15,0
74,2,295,13,1535,401.010921,481.771994,270,25,0,0
74,2,285,13,1545,390.414052,481.823849,15,270,0,0
74,2,290,13,1540,391.229064,475.739002,270,20,0,0
74,4,335,11,1495,427.421652,510.731745,270,25,25,15
74,4,355,11,1475,439.066917,497.129822,35,270,35,15
74,1,270,14,1560,375.168800,465.430856,270,0,0,0
75,2,285,13,1540,393.582958,479.862785,270,15,0,0
75,3,320,12,1505,400.734229,493.626475,270,25,25,0
75,1,270,14,1555,380.249170,472.292805,270,0,0,0
75,3,320,12,1505,405.346955,467.872023,35,15,270,0
75,3,320,12,1505,404.733518,494.654131,25,270,25,0
75,3,310,12,1515,402.040104,489.167189,25,270,15,0
76,3,310,8,1400,394.900483,490.046763,25,270,15,0
76,2,285,9,1425,386.501355,475.436306,15,270,0,0
76,3,305,8,1405,400.142404,486.053276,20,15,270,0
76,1,270,10,1440,396.789747,478.110909,270,0,0,0
76,1,270,10,1440,378.601279,465.418553,270,0,0,0
76,1,270,10,1440,387.994063,463.622022,270,0,0,0
77,3,315,19,1660,409.140459,523.691153,25,20,270,0
77,4,325,18,1650,420.861580,522.938847,15,15,25,270
77,4,320,18,1655,414.033964,507.695412,15,15,270,20
77,3,320,19,1655,408.802720,495.123482,35,15,270,0
77,4,355,18,1620,447.439872,537.428284,270,35,25,25
77,4,340,18,1635,440.277498,536.631489,25,20,270,25
78,3,315,14,1570,419.287956,515.754795,20,270,25,0
78,2,305,15,1580,408.690096,488.338900,35,270,0,0
78,1,270,16,1615,396.083729,488.434243,270,0,0,0
78,3,320,14,1565,416.166817,511.187840,25,270,25,0
78,4,330,13,1555,417.085220,510.553527,25,15,270,20
78,4,345,13,1540,420.609782,490.831447,35,25,15,270
79,2,285,11,1495,415.517023,513.460112,270,15,0,0
79,4,350,9,1430,454.571732,569.044614,270,20,35,25
79,1,270,12,1510,411.038699,511.013698,270,0,0,0
79,4,335,9,1445,397.129722,521.353912,15,15,35,270
79,1,270,12,1510,391.045624,506.928301,270,0,0,0
79,1,270,12,1510,395.266017,512.884236,270,0,0,0
80,2,290,12,1480,411.267484,495.933318,20,270,0,0
80,1,270,13,1500,385.470309,477.748537,270,0,0,0
80,1,270,13,1500,374.089527,466.384435,270,0,0,0
80,3,305,11,1465,408.388451,502.481603,20,270,15,0
80,4,325,10,1445,425.494349,514.212275,270,15,25,15
80,3,310,11,1460,408.025836,501.325631,25,270,15,0
81,2,295,9,1435,389.918646,482.760238,270,25,0,0
81,2,295,9,1435,390.901780,479.313016,25,270,0,0
81,3,310,8,1420,413.296442,497.614646,20,20,270,0
81,2,290,9,1440,395.901071,482.102943,270,20,0,0
81,1,270,10,1460,396.825150,474.993110,270,0,0,0
81,1,270,10,1460,397.438740,483.245445,270,0,0,0
82,3,330,12,1525,418.803329,513.333249,25,270,35,0
82,2,305,13,1550,412.845397,493.392086,270,35,0,0
82,4,360,11,1495,435.781031,505.988741,35,20,270,35
82,3,300,12,1555,401.552360,500.220227,15,270,15,0
82,1,270,14,1585,395.433602,480.623960,270,0,0,0
82,2,290,13,1565,397.810270,497.253347,20,270,0,0
83,1,270,13,1545,397.896519,489.517641,270,0,0,0
83,2,295,12,1520,399.897044,491.642213,270,25,0,0
83,3,340,11,1475,421.341287,521.461439,270,35,35,0
83,2,295,12,1520,380.021720,487.275004,25,270,0,0
83,3,310,11,1505,400.219555,496.036052,15,270,25,0
83,3,305,11,1510,410.530946,500.952267,20,270,15,0
84,1,270,14,1545,389.362348,486.771369,270,0,0,0
84,4,355,11,1460,416.391628,510.781861,25,270,35,25
84,3,310,12,1505,410.337870,503.137493,20,270,20,0
84,2,295,13,1520,410.158789,499.112439,270,25,0,0
84,1,270,14,1545,390.641317,493.860555,270,0,0,0
84,4,315,11,1500,396.943063,511.786604,15,270,15,15
85,2,285,11,1475,370.235714,479.873038,15,270,0,0
85,2,295,11,1465,397.880493,474.731350,270,25,0,0
85,4,340,9,1420,397.924255,490.052676,20,35,270,15
85,1,270,12,1490,380.544500,468.808818,270,0,0,0
85,1,270,12,1490,391.902324,473.969173,270,0,0,0
85,3,300,10,1460,389.821515,484.020472,15,15,270,0
86,2,305,14,1535,418.567617,498.566675,270,35,0,0
86,2,285,14,1555,397.825425,491.626835,15,270,0,0
86,4,340,12,1500,428.963633,495.308947,35,20,270,15
86,1,270,15,1570,392.859447,490.512681,270,0,0,0
86,3,305,13,1535,418.979756,502.858114,270,15,20,0
86,4,335,12,1505,426.910332,514.920426,270,15,25,25
87,3,320,13,1525,420.938106,488.946700,35,15,270,0
87,1,270,15,1575,396.982045,481.557846,270,0,0,0
87,1,270,15,1575,392.950124,478.782487,270,0,0,0
87,4,340,12,1505,424.176439,496.056223,35,15,20,270
87,3,320,13,1525,422.194262,507.995224,270,15,35,0
87,4,325,12,1520,417.009140,507.116246,25,270,15,15
88,2,285,15,1575,403.716986,488.085485,270,15,0,0
88,3,320,14,1540,412.585191,489.155411,35,270,15,0
88,4,340,13,1520,425.920026,490.678859,35,15,20,270
88,4,325,13,1535,407.595869,497.315716,15,25,15,270
88,1,270,16,1590,386.540558,480.757165,270,0,0,0
88,3,320,14,1540,409.248095,504.149199,15,270,35,0
89,2,285,15,1535,407.828757,500.727034,270,15,0,0
89,2,295,15,1525,404.873897,488.092947,270,25,0,0
89,4,315,13,1505,396.533957,498.035597,15,15,270,15
89,4,320,13,1500,407.987900,511.487341,15,20,270,15
89,4,335,13,1485,415.184813,505.664492,15,25,25,270
89,1,270,16,1550,394.039775,487.478852,270,0,0,0
90,1,270,14,1540,400.561089,486.136293,270,0,0,0
90,2,285,13,1525,372.704322,474.750352,15,270,0,0
90,3,330,12,1480,417.526377,506.593132,270,25,35,0
90,4,340,11,1470,395.467520,495.348453,15,20,35,270
90,4,315,11,1495,418.248470,505.886865,270,15,15,15
90,1,270,14,1540,395.557173,483.618641,270,0,0,0
91,2,305,11,1470,401.956431,498.448920,270,35,0,0
91,2,295,11,1480,385.044568,471.392035,25,270,0,0
91,4,335,9,1440,414.123266,508.943057,15,270,15,35
91,1,270,12,1505,379.724424,476.063156,270,0,0,0
91,1,270,12,1505,389.840950,479.635000,270,0,0,0
91,3,300,10,1475,404.246939,492.601395,15,15,270,0
92,3,305,13,1505,407.969609,503.611827,270,15,20,0
92,3,300,13,1510,383.250116,475.819492,15,15,270,0
92,3,300,13,1510,388.978082,478.866529,15,15,270,0
92,3,305,13,1505,392.902532,487.739682,15,20,270,0
92,1,270,15,1540,386.863394,479.579258,270,0,0,0
92,3,330,13,1480,377.602868,484.988165,25,35,270,0
93,2,285,8,1425,381.024431,479.599070,15,270,0,0
93,1,270,9,1440,386.821293,475.718212,270,0,0,0
93,1,270,9,1440,387.849317,469.951272,270,0,0,0
93,1,270,9,1440,378.728691,461.531567,270,0,0,0
93,4,345,6,1365,429.418091,508.048391,270,20,20,35
93,1,270,9,1440,368.143418,462.460208,270,0,0,0
94,2,295,15,1600,407.723947,490.842104,270,25,0,0
94,4,365,13,1530,408.816858,535.601187,35,35,25,270
94,2,290,15,1605,394.829191,487.007452,20,270,0,0
94,1,270,16,1625,391.764624,483.854008,270,0,0,0
94,4,340,13,1555,422.233111,511.812567,25,25,270,20
94,4,335,13,1560,421.799524,485.602450,15,35,15,270
95,2,290,11,1450,408.148257,484.449959,270,20,0,0
95,1,270,12,1470,389.379661,481.551981,270,0,0,0
95,3,300,10,1440,405.597146,485.703326,270,15,15,0
95,1,270,12,1470,377.400625,473.074842,270,0,0,0
95,2,285,11,1455,378.282408,469.380665,270,15,0,0
95,4,325,9,1415,418.306786,500.134063,270,15,15,25
96,2,285,12,1505,377.277213,477.502442,15,270,0,0
96,1,270,13,1520,394.628144,475.060749,270,0,0,0
96,3,305,11,1485,402.883604,490.927791,20,15,270,0
96,3,320,11,1470,412.713757,481.321811,35,270,15,0
96,4,340,10,1450,420.941161,507.556009,20,25,25,270
96,1,270,13,1520,385.517670,491.212749,270,0,0,0
97,1,270,14,1540,383.322471,469.427371,270,0,0,0
97,3,310,12,1500,383.324684,488.902831,15,25,270,0
97,1,270,14,1540,388.009112,477.697372,270,0,0,0
97,3,330,12,1480,420.742720,504.589414,270,35,25,0
97,4,330,11,1480,416.356131,499.229335,15,20,25,270
97,3,300,12,1510,392.427394,495.028758,15,15,270,0
98,2,290,17,1665,399.957932,493.813968,20,270,0,0
98,2,305,17,1650,415.126818,503.835344,270,35,0,0
98,4,350,15,1605,426.243477,517.114306,270,35,25,20
98,3,320,16,1635,420.923964,513.566804,270,15,35,0
98,4,335,15,1620,446.641696,532.950306,270,15,15,35
98,4,355,15,1600,394.828814,499.351549,25,25,35,270
99,2,285,12,1510,375.359017,477.645754,15,270,0,0
99,2,295,12,1500,391.759151,485.195779,25,270,0,0
99,4,355,10,1440,433.501046,522.450900,270,25,35,25
99,1,270,13,1525,386.777296,470.607758,270,0,0,0
99,4,320,10,1475,414.681860,496.588826,20,15,15,270
99,1,270,13,1525,376.847960,471.406675,270,0,0,0
100,2,290,13,1505,385.128545,481.865096,20,270,0,0
100,2,285,13,1510,379.570127,477.963066,15,270,0,0
100,2,285,13,1510,382.447804,479.971671,270,15,0,0
100,3,320,12,1475,383.447906,485.924434,15,35,270,0
100,3,310,12,1485,395.747658,491.105342,15,270,25,0
100,3,305,12,1490,415.286894,501.675535,270,20,15,0
101,2,40,12,280,101.440656,125.833297,25,15,0,0
101,3,65,11,255,120.448623,137.693859,35,15,15,0
101,3,70,11,250,128.372862,142.895889,35,20,15,0
101,3,65,11,255,129.609536,142.739678,20,25,20,0
101,2,45,12,275,112.775815,134.881258,25,20,0,0
101,1,35,13,285,100.764203,124.115062,35,0,0,0
102,2,70,13,1215,123.326730,144.576931,35,35,0,0
102,1,270,14,1015,327.866024,359.784913,270,0,0,0
102,3,300,12,985,347.474741,378.207278,270,15,15,0
102,3,45,12,1240,104.217082,123.669004,15,15,15,0
102,4,315,11,970,333.140308,381.068611,15,270,15,15
102,2,285,13,1000,336.993141,364.812827,270,15,0,0
103,4,60,11,1030,116.507864,132.745242,15,15,15,15
103,4,340,11,750,345.725663,368.370723,20,35,15,270
103,1,20,14,1070,81.257889,114.997793,20,0,0,0
103,2,70,13,1020,127.539731,145.098758,35,35,0,0
103,3,330,12,760,354.160421,374.339939,270,25,35,0
103,1,270,14,820,318.674436,345.412063,270,0,0,0
104,3,50,16,855,118.712212,144.551301,20,15,15,0
104,3,315,16,590,333.668376,379.246974,25,20,270,0
104,2,30,17,875,90.858953,112.347889,15,15,0,0
104,4,120,15,785,154.673008,175.102877,25,35,25,35
104,4,335,15,570,357.250457,386.170197,270,15,35,15
104,3,55,16,850,118.795278,135.139179,15,15,25,0
105,2,295,15,575,332.149477,356.611276,270,25,0,0
105,3,70,14,800,127.747329,144.565273,20,35,15,0
105,2,40,15,830,104.954292,127.336502,25,15,0,0
105,4,335,13,535,338.584619,362.571478,35,15,15,270
105,2,30,15,840,91.017456,112.241483,15,15,0,0
105,4,100,13,770,148.512422,164.993334,20,20,35,25
106,1,20,15,820,78.555101,106.139540,20,0,0,0
106,3,65,13,775,119.425615,136.224842,15,35,15,0
106,3,320,13,520,350.390748,375.540733,270,35,15,0
106,4,90,12,750,139.599987,157.565689,35,20,20,15
106,4,330,12,510,336.955633,378.749252,15,270,25,20
106,1,15,15,825,64.155167,81.820226,15,0,0,0
107,3,65,16,845,135.361443,155.453539,25,25,15,0
107,4,65,15,845,140.055248,161.700082,15,15,20,15
107,2,55,17,855,132.206103,156.647015,20,35,0,0
107,2,290,17,620,347.501260,370.863962,270,20,0,0
107,4,330,15,580,350.332893,393.778515,15,25,20,270
107,4,105,15,805,164.423995,185.875440,20,35,35,15
108,3,70,10,490,117.845424,131.692291,15,35,20,0
108,2,60,11,500,113.233681,129.857994,25,35,0,0
108,1,20,12,540,82.189141,106.856704,20,0,0,0
108,2,60,11,500,113.946443,131.411004,25,35,0,0
108,4,335,9,225,327.925107,367.882228,15,25,270,25
108,1,15,12,545,65.357763,80.631089,15,0,0,0
109,2,60,13,825,121.524843,144.181657,35,25,0,0
109,2,285,13,600,331.090512,359.247207,270,15,0,0
109,3,70,12,815,131.124310,153.785301,20,35,15,0
109,2,60,13,825,117.560509,144.479203,35,25,0,0
109,2,55,13,830,124.331917,153.114581,20,35,0,0
109,4,355,11,530,352.393540,376.599669,35,25,25,270
110,2,40,11,490,86.077158,104.970598,15,25,0,0
110,4,80,9,450,120.471226,132.769656,15,15,25,25
110,1,35,12,495,84.389856,100.636983,35,0,0,0
110,3,320,10,210,322.334027,339.527964,35,270,15,0
110,2,40,11,490,91.840076,107.507538,15,25,0,0
110,1,15,12,515,56.971920,71.256995,15,0,0,0
111,2,60,14,605,116.300889,134.555149,35,25,0,0
111,3,80,13,585,130.622680,147.792458,25,35,20,0
111,4,100,12,565,142.336644,158.160305,15,15,35,35
111,3,320,13,345,329.891014,347.959184,35,270,15,0
111,3,70,13,595,129.980422,149.191880,20,15,35,0
111,1,35,15,630,91.869501,122.546530,35,0,0,0
112,2,305,11,530,328.489922,352.443743,35,270,0,0
112,2,35,11,800,99.405372,128.069329,20,15,0,0
112,1,35,12,800,99.255443,125.293446,35,0,0,0
112,3,60,10,775,123.138115,142.278814,25,15,20,0
112,2,60,11,775,120.023025,140.416146,35,25,0,0
112,3,340,10,495,346.132519,368.788505,35,270,35,0
113,1,15,13,545,60.946558,73.087215,15,0,0,0
113,3,75,11,485,121.204678,134.548235,35,25,15,0
113,1,270,13,290,308.297107,328.494120,270,0,0,0
113,4,100,10,460,133.709769,146.700812,35,15,15,35
113,1,15,13,545,60.764263,78.932762,15,0,0,0
113,4,85,10,475,130.217696,145.583176,15,35,20,15
114,2,45,14,800,114.356884,139.753318,25,20,0,0
114,3,305,13,540,341.477439,365.280175,270,15,20,0
114,2,50,14,795,118.098385,135.227442,15,35,0,0
114,3,300,13,545,323.027046,365.853881,15,15,270,0
114,2,50,14,795,110.846630,131.521678,25,25,0,0
114,4,95,12,750,144.900418,160.828829,20,15,35,25
115,3,75,11,490,121.111709,135.899710,25,15,35,0
115,3,75,11,490,122.467169,137.228751,15,35,25,0
115,2,35,12,530,98.109370,116.105580,15,20,0,0
115,1,15,13,550,62.917926,81.513023,15,0,0,0
115,1,35,13,530,90.627984,114.824867,35,0,0,0
115,4,330,10,235,325.747883,362.711406,25,270,20,15
116,2,285,13,780,319.936790,364.349460,15,270,0,0
116,4,115,11,950,157.775420,177.449536,35,20,35,25
116,2,35,13,1030,113.510718,148.368883,20,15,0,0
116,1,270,14,795,332.137997,359.955001,270,0,0,0
116,2,45,13,1020,121.800388,150.439453,25,20,0,0
116,4,315,11,750,335.969007,381.349564,15,15,15,270
117,1,20,17,860,85.611082,124.753499,20,0,0,0
117,3,60,15,820,134.904041,154.507947,20,20,20,0
117,4,340,14,540,345.409816,386.817288,15,270,35,20
117,3,80,15,800,136.560433,157.721686,35,25,20,0
117,3,55,15,825,121.064701,142.781710,15,25,15,0
117,4,325,14,555,358.415800,383.144355,270,15,25,15
118,2,40,14,520,108.386612,130.761790,15,25,0,0
118,2,40,14,520,118.918935,144.958210,20,20,0,0
118,2,40,14,520,108.976562,136.437034,25,15,0,0
118,3,45,13,515,111.046672,135.865974,15,15,15,0
118,4,85,12,475,138.099310,155.079699,35,15,20,15
118,3,310,13,250,329.050486,371.643567,20,270,20,0
119,2,50,8,660,102.487655,116.834355,15,35,0,0
119,2,30,8,680,85.914605,103.065419,15,15,0,0
119,2,285,8,425,301.492016,345.336628,15,270,0,0
119,1,25,9,685,76.818339,95.841646,25,0,0,0
119,2,50,8,660,98.215872,113.230562,15,35,0,0
119,1,270,9,440,310.006758,335.643720,270,0,0,0
120,2,35,14,535,102.402092,126.421404,15,20,0,0
120,1,15,15,555,64.830382,86.286211,15,0,0,0
120,4,75,12,495,130.287541,149.430728,20,15,25,15
120,3,85,13,485,134.558607,153.994560,25,25,35,0
120,3,310,13,260,334.276553,360.837006,270,15,25,0
120,3,50,13,520,114.820820,138.032675,15,15,20,0
121,4,75,12,755,132.478502,158.951450,15,25,15,20
121,3,310,13,520,331.401142,379.536199,20,270,20,0
121,1,270,15,560,328.081267,354.361486,270,0,0,0
121,3,65,13,765,129.570025,154.045320,15,15,35,0
121,1,35,15,795,103.283666,134.459734,35,0,0,0
121,4,75,12,755,139.979686,161.569667,25,20,15,15
122,2,35,15,830,107.267057,133.896470,20,15,0,0
122,2,50,15,815,118.733643,139.610219,35,15,0,0
122,1,20,16,845,92.625687,127.362347,20,0,0,0
122,4,325,13,540,337.448354,376.824832,15,25,270,15
122,4,325,13,540,339.085557,376.514626,20,15,270,20
122,4,110,13,755,149.147450,163.511014,25,25,35,25
123,3,65,11,480,112.378648,125.785207,15,35,15,0
123,3,45,11,500,98.457817,116.082549,15,15,15,0
123,1,15,13,530,59.470925,74.230551,15,0,0,0
123,2,50,12,495,98.479031,117.352319,35,15,0,0
123,4,100,10,445,132.910228,146.692037,25,15,35,25
123,1,270,13,275,300.711217,324.463225,270,0,0,0
124,2,70,16,850,133.435121,150.096750,35,35,0,0
124,4,85,14,835,141.266780,158.192682,15,15,35,20
124,1,25,17,895,85.067936,114.559674,25,0,0,0
124,3,60,15,860,128.310984,149.991154,25,20,15,0
124,4,350,14,570,348.831402,367.978835,35,20,270,25
124,4,330,14,590,341.003470,381.991411,25,20,270,15
125,2,285,10,710,339.861834,363.674402,270,15,0,0
125,2,40,10,955,116.794264,147.432208,20,20,0,0
125,3,320,9,675,336.715254,357.768226,35,15,270,0
125,1,270,11,725,325.695875,352.318620,270,0,0,0
125,3,55,9,940,132.566652,153.506493,20,15,20,0
125,1,25,11,970,76.564538,105.524540,25,0,0,0
126,3,300,11,525,329.144475,353.987360,270,15,15,0
126,2,60,12,765,110.305078,130.168057,35,25,0,0
126,1,15,13,810,56.849464,80.952954,15,0,0,0
126,1,35,13,790,94.728543,113.835025,35,0,0,0
126,3,55,11,770,116.885928,133.535099,20,20,15,0
126,4,360,10,465,358.683701,451.675844,20,35,35,270
127,4,335,15,855,348.057003,394.249821,25,15,270,25
127,1,270,18,920,332.261558,362.632322,270,0,0,0
127,4,80,15,1110,134.591266,159.104299,15,15,15,35
127,4,345,15,845,349.303050,394.694019,25,270,35,15
127,2,50,17,1140,109.061472,135.927868,35,15,0,0
127,4,110,15,1080,154.058222,177.687192,35,35,20,20
128,2,55,10,200,119.246248,134.724379,35,20,0,0
128,3,60,9,195,121.188379,138.394761,25,15,20,0
128,1,25,11,230,71.644831,100.624418,25,0,0,0
128,1,15,11,240,65.207483,83.913255,15,0,0,0
128,4,80,8,175,135.836322,153.878236,15,20,20,25
128,1,20,11,235,81.261206,111.760878,20,0,0,0
129,3,310,15,325,329.494473,367.956352,25,270,15,0
129,2,35,16,600,115.579177,140.828323,15,20,0,0
129,4,75,14,560,146.249915,164.497853,20,25,15,15
129,2,45,16,590,121.879842,147.447085,20,25,0,0
129,4,100,14,535,155.357279,169.488502,15,35,15,35
129,3,70,15,565,138.374183,159.198714,15,20,35,0
130,4,70,14,545,133.254879,152.043605,15,20,15,20
130,4,90,14,525,147.429653,165.911174,20,20,15,35
130,4,345,14,270,341.258391,362.916374,25,35,15,270
130,1,25,17,590,87.115836,116.903734,25,0,0,0
130,1,15,17,600,70.526540,95.171332,15,0,0,0
130,4,70,14,545,132.428223,153.087616,15,15,15,25
131,3,70,12,500,135.590674,155.069399,20,35,15,0
131,2,35,13,535,105.590615,131.799221,15,20,0,0
131,2,290,13,280,315.711699,358.882785,20,270,0,0
131,3,70,12,500,131.934907,156.167197,35,15,20,0
131,1,35,14,535,106.164255,129.577183,35,0,0,0
131,4,70,11,500,134.333601,154.031252,15,15,15,25
132,3,320,13,315,335.246166,362.195396,270,35,15,0
132,2,50,14,585,109.156652,130.073071,15,35,0,0
132,2,40,14,595,112.558317,139.705371,20,20,0,0
132,4,100,12,535,139.393955,159.107995,35,15,35,15
132,4,90,12,545,131.628472,153.175926,25,15,35,15
132,1,35,15,600,87.011719,111.167908,35,0,0,0
133,2,35,13,515,99.925053,125.973130,15,20,0,0
133,4,325,11,225,326.859845,367.312789,15,270,25,15
133,1,35,14,515,95.824969,122.497535,35,0,0,0
133,1,25,14,525,70.454535,98.151398,25,0,0,0
133,3,50,12,500,118.140612,135.106564,15,15,20,0
133,4,80,11,470,131.484935,149.012017,15,25,20,20
134,2,45,7,395,98.237275,116.186142,20,25,0,0
134,2,305,7,135,318.579702,336.923909,35,270,0,0
134,2,40,7,400,97.635958,112.855029,25,15,0,0
134,1,15,8,425,64.550275,83.643722,15,0,0,0
134,1,20,8,420,79.071423,100.398016,20,0,0,0
134,1,15,8,425,67.341702,85.408210,15,0,0,0
135,2,55,11,725,120.402273,135.024714,35,20,0,0
135,3,310,10,470,322.645959,363.316131,25,270,15,0
135,3,45,10,735,107.149355,128.306198,15,15,15,0
135,3,310,10,470,327.486992,369.489383,20,20,270,0
135,1,35,12,745,99.285849,124.639702,35,0,0,0
135,1,25,12,755,83.722234,110.339379,25,0,0,0
136,2,40,13,585,87.896283,112.111902,25,15,0,0
136,2,60,13,565,117.794464,137.706280,25,35,0,0
136,3,70,12,555,121.498322,139.484406,25,25,20,0
136,2,60,13,565,112.476094,133.267951,25,35,0,0
136,4,335,11,290,347.077091,373.314548,270,15,15,35
136,2,60,13,565,114.927070,133.911562,35,25,0,0
137,3,65,14,780,129.223200,151.604319,15,35,15,0
137,4,85,13,760,140.998055,166.967821,35,20,15,15
137,4,340,13,505,346.041716,369.845462,35,20,270,15
137,1,270,16,575,326.117600,352.224279,270,0,0,0
137,1,15,16,830,62.334132,81.061816,15,0,0,0
137,4,70,13,775,139.837519,167.608118,15,15,20,20
138,2,50,11,460,107.586776,128.264141,15,35,0,0
138,1,15,12,495,65.608308,90.066480,15,0,0,0
138,3,50,10,460,109.474468,128.272367,15,20,15,0
138,2,30,11,480,90.941767,114.286256,15,15,0,0
138,1,270,12,240,316.889760,341.331005,270,0,0,0
138,4,95,9,415,145.419801,162.915850,25,20,15,35
139,3,80,13,780,142.343926,165.319610,20,25,35,0
139,2,35,14,825,108.683548,135.190558,20,15,0,0
139,2,50,14,810,115.359213,138.516259,35,15,0,0
139,3,315,13,545,339.102684,380.618430,20,25,270,0
139,2,290,14,570,341.750065,368.843245,270,20,0,0
139,4,90,12,770,149.336944,170.277953,20,25,20,25
140,3,65,11,445,115.873793,128.702402,15,25,25,0
140,3,50,11,460,111.163642,123.861981,15,20,15,0
140,2,30,12,480,82.517641,101.149654,15,15,0,0
140,1,15,13,495,64.218508,86.913800,15,0,0,0
140,1,25,13,485,76.675812,95.309639,25,0,0,0
140,4,325,10,185,321.361954,356.324172,25,15,270,15
141,3,85,14,1070,135.857017,157.066894,35,35,15,0
141,4,345,13,810,355.532134,378.312063,35,270,15,25
141,1,25,16,1130,79.970005,103.704334,25,0,0,0
141,4,325,13,830,338.995385,380.656003,15,25,15,270
141,4,105,13,1050,147.907076,165.232849,35,25,25,20
141,1,270,16,885,324.626490,354.624867,270,0,0,0
142,2,305,10,465,331.926329,354.637599,270,35,0,0
142,2,30,10,740,82.569234,100.967288,15,15,0,0
142,3,70,9,700,125.389006,137.862324,20,25,25,0
142,1,15,11,755,59.274398,79.306579,15,0,0,0
142,3,330,9,440,336.574918,356.417346,35,270,25,0
142,1,20,11,750,82.213168,107.361650,20,0,0,0
143,3,305,10,725,330.884695,372.830820,15,20,270,0
143,3,70,10,960,131.735958,153.267265,20,15,35,0
143,1,270,12,760,324.805514,353.128648,270,0,0,0
143,1,15,12,1015,66.542994,89.393425,15,0,0,0
143,4,100,9,930,139.777539,160.216450,35,15,35,15
143,1,270,12,760,319.919982,349.896979,270,0,0,0
144,3,65,15,785,115.288457,129.389071,35,15,15,0
144,1,15,17,835,59.564794,76.940846,15,0,0,0
144,4,340,14,510,345.608698,371.002721,270,20,15,35
144,2,40,16,810,93.799683,113.135148,25,15,0,0
144,4,60,14,790,112.949369,126.391959,15,15,15,15
144,4,330,14,520,330.577671,370.678902,15,270,25,20
145,2,290,11,220,307.795637,344.514084,20,270,0,0
145,3,45,10,465,108.007824,127.508212,15,15,15,0
145,2,45,11,465,110.378416,128.062081,20,25,0,0
145,4,80,9,430,126.824547,144.141722,35,15,15,15
145,1,15,12,495,69.223943,92.201018,15,0,0,0
145,1,35,12,475,98.200288,117.924619,35,0,0,0
146,4,345,10,715,359.335649,384.104109,270,25,15,35
146,1,270,13,790,310.596052,335.606575,270,0,0,0
146,3,45,11,1015,101.442045,117.655564,15,15,15,0
146,1,25,13,1035,77.601820,103.193259,25,0,0,0
146,1,20,13,1040,82.711215,111.173296,20,0,0,0
146,4,355,10,705,361.350648,384.916592,270,35,35,15
147,2,295,18,1420,360.933702,469.930506,25,270,0,0
147,4,375,16,1340,413.650748,489.412904,35,270,35,35
147,4,330,16,1385,390.514451,469.866824,270,25,20,15
147,2,50,18,1665,83.066826,116.925669,35,15,0,0
147,4,335,16,1380,398.651711,495.961690,270,25,25,15
147,4,330,16,1385,380.934919,482.809568,15,270,20,25
148,3,310,14,790,328.602543,367.965818,15,25,270,0
148,1,15,16,1085,63.977944,82.904125,15,0,0,0
148,4,335,13,765,359.419211,383.987546,270,35,15,15
148,1,25,16,1075,75.989183,98.938227,25,0,0,0
148,4,100,13,1000,146.148616,164.799809,25,20,20,35
148,4,315,13,785,332.581378,374.760413,15,15,270,15
149,1,20,16,885,85.565163,121.970749,20,0,0,0
149,4,105,13,800,150.345140,167.405176,25,25,35,20
149,4,345,13,560,362.146223,389.257574,270,15,25,35
149,4,90,13,815,141.269367,160.611653,15,25,35,15
149,3,75,14,830,131.373857,152.853823,25,15,35,0
149,1,270,16,635,323.279214,348.045373,270,0,0,0
150,1,15,10,695,68.434302,83.764243,15,0,0,0
150,3,305,8,405,313.823681,353.460575,20,270,15,0
150,3,300,8,410,326.818897,348.528791,270,15,15,0
150,1,35,10,675,92.801095,103.756523,35,0,0,0
150,1,15,10,695,63.751088,81.071639,15,0,0,0
150,2,40,9,670,93.068064,106.688762,25,15,0,0
151,2,60,10,975,110.728606,123.592425,25,35,0,0
151,2,40,10,995,92.411355,112.089729,25,15,0,0
151,2,295,10,740,324.615935,344.404554,270,25,0,0
151,1,15,11,1020,55.168736,72.028422,15,0,0,0
151,1,270,11,765,311.710534,332.692170,270,0,0,0
151,4,355,8,680,345.100480,362.491179,25,35,25,270
152,2,285,17,890,317.801402,361.792850,15,270,0,0
152,4,350,15,825,330.442432,386.538291,25,20,35,270
152,3,65,16,1110,116.421144,136.202383,35,15,15,0
152,2,45,17,1130,112.869054,138.811827,20,25,0,0
152,4,105,15,1070,145.944060,165.996098,15,35,35,20
152,4,325,15,850,359.661616,389.736867,270,20,20,15
153,2,35,16,360,109.876688,140.885639,20,15,0,0
153,3,75,15,320,133.166956,151.634574,35,25,15,0
153,2,40,16,355,106.532786,128.106641,25,15,0,0
153,4,85,14,310,141.316392,157.648206,15,15,20,35
153,3,70,15,325,126.955880,148.633051,20,35,15,0
153,4,90,14,305,139.944503,159.358955,35,25,15,15
154,2,40,11,490,87.105459,103.061533,15,25,0,0
154,3,320,10,210,332.042260,354.264235,270,35,15,0
154,4,90,9,440,128.162144,144.581771,15,25,35,15
154,2,50,11,480,97.963825,112.084842,15,35,0,0
154,1,15,12,515,61.146129,76.162076,15,0,0,0
154,1,15,12,515,61.249005,78.631973,15,0,0,0
155,1,20,13,750,79.586447,103.645825,20,0,0,0
155,4,330,10,440,332.386181,375.889659,25,20,270,15
155,3,65,11,705,117.638978,132.735252,15,15,35,0
155,1,15,13,755,68.858632,86.098099,15,0,0,0
155,4,325,10,445,332.086773,371.452236,20,270,20,15
155,1,15,13,755,67.763853,87.196588,15,0,0,0
156,3,320,14,575,345.290953,372.242618,270,35,15,0
156,4,345,13,550,357.577027,381.338215,270,15,25,35
156,3,70,14,825,128.404802,145.657969,25,20,25,0
156,1,35,16,860,81.569393,114.339757,35,0,0,0
156,2,50,15,845,110.305787,129.868984,15,35,0,0
156,4,75,13,820,131.015387,147.717023,15,15,25,20
157,2,285,13,500,324.159100,347.193957,270,15,0,0
157,3,50,12,735,108.292214,128.315472,20,15,15,0
157,4,325,11,460,347.366207,371.279526,270,20,15,20
157,2,50,13,735,109.575320,124.798322,25,25,0,0
157,1,20,14,765,80.986187,112.557125,20,0,0,0
157,3,55,12,730,114.122882,130.329704,25,15,15,0
158,2,55,10,985,116.847973,138.067079,20,35,0,0
158,2,50,10,990,109.967445,129.502320,15,35,0,0
158,2,285,10,755,330.050302,354.109073,270,15,0,0
158,1,270,11,770,319.903868,347.647905,270,0,0,0
158,1,35,11,1005,93.079880,117.418790,35,0,0,0
158,4,345,8,695,344.700609,383.388853,15,270,25,35
159,3,75,14,590,125.780802,141.691232,15,35,25,0
159,3,75,14,590,128.442368,145.939064,25,15,35,0
159,2,70,15,595,123.735137,141.355467,35,35,0,0
159,4,330,13,335,346.417209,370.148325,270,15,25,20
159,1,15,16,650,64.424813,80.855298,15,0,0,0
159,4,100,13,565,143.355466,159.868527,15,25,25,35
160,3,305,13,1020,337.957790,387.820602,15,270,20,0
160,1,270,15,1055,334.453585,369.083524,270,0,0,0
160,1,15,15,1310,63.221960,75.696945,15,0,0,0
160,4,325,12,1000,365.887498,400.592637,270,15,15,25
160,3,320,13,1005,362.115768,395.193983,270,15,35,0
160,4,90,12,1235,148.150772,177.103162,25,20,25,20
161,2,35,12,765,105.763394,130.503631,20,15,0,0
161,3,325,11,475,337.256441,358.858013,35,270,20,0
161,4,80,10,720,134.637488,152.261376,25,15,25,15
161,3,320,11,480,348.036710,374.754119,270,15,35,0
161,1,20,13,780,88.380386,121.902394,20,0,0,0
161,1,20,13,780,89.903476,123.028945,20,0,0,0
162,2,40,12,735,96.187925,116.061759,25,15,0,0
162,3,310,11,465,332.075926,358.792496,270,15,25,0
162,4,325,10,450,329.771222,367.795229,25,270,15,15
162,3,65,11,710,121.881056,140.575218,20,25,20,0
162,1,15,13,760,71.861819,88.892389,15,0,0,0
162,1,20,13,755,83.873447,111.850929,20,0,0,0
163,2,50,11,960,100.693247,117.633200,35,15,0,0
163,2,30,11,980,82.813202,102.107382,15,15,0,0
163,3,320,10,690,300.872049,352.210450,15,35,270,0
163,4,325,9,685,343.011291,368.580818,270,15,15,25
163,1,15,12,995,56.969624,76.157093,15,0,0,0
163,1,270,12,740,312.789818,337.447834,270,0,0,0
164,3,300,13,260,343.080107,362.423706,15,270,15,0
164,3,50,13,510,121.301039,141.204334,20,15,15,0
164,1,35,15,525,94.656980,114.515138,35,0,0,0
164,4,80,12,480,130.995953,145.750260,25,25,15,15
164,1,25,15,535,75.882357,100.650883,25,0,0,0
164,4,70,12,490,127.550029,141.467047,15,15,15,25
165,1,25,19,890,75.386547,102.346897,25,0,0,0
165,4,320,16,595,359.001755,385.504580,270,15,20,15
165,4,100,16,815,147.839228,167.083383,15,35,25,25
165,3,300,17,615,278.645736,389.670301,15,15,270,0
165,4,85,16,830,147.607920,168.695546,15,20,35,15
165,4,85,16,830,144.647740,164.814592,25,20,25,15
166,2,40,13,500,111.806880,131.071520,25,15,0,0
166,2,50,13,490,121.369519,147.171497,35,15,0,0
166,4,80,11,460,152.961726,168.706703,20,20,20,20
166,3,50,12,490,128.822235,153.042960,20,15,15,0
166,3,50,12,490,124.048386,147.398495,15,20,15,0
166,1,270,14,270,331.461402,355.437732,270,0,0,0
167,3,305,13,1010,353.507472,386.008978,270,20,15,0
167,1,270,15,1045,331.262177,366.711402,270,0,0,0
167,3,310,13,1005,361.590656,394.568920,270,15,25,0
167,2,55,14,1260,127.462443,152.768659,20,35,0,0
167,4,65,12,1250,130.218389,152.881622,15,20,15,15
167,3,310,13,1005,359.450185,392.827368,270,25,15,0
168,2,45,14,1080,116.887280,142.651271,25,20,0,0
168,2,50,14,1075,119.240414,137.095785,15,35,0,0
168,2,45,14,1080,113.670089,141.252661,25,20,0,0
168,4,330,12,795,294.098160,404.135585,15,25,270,20
168,4,350,12,775,399.796284,425.365854,20,25,270,35
168,2,305,14,820,339.693960,360.322118,35,270,0,0
169,3,315,14,810,354.030937,405.015206,25,20,270,0
169,4,95,13,1030,143.093829,169.936990,35,20,25,15
169,2,30,15,1095,86.159136,108.866167,15,15,0,0
169,3,315,14,810,362.010465,409.430599,25,20,270,0
169,1,15,16,1110,66.238990,80.768418,15,0,0,0
169,4,355,13,770,382.390411,407.980776,15,270,35,35
170,2,55,17,915,124.791768,150.487518,35,20,0,0
170,4,90,15,880,152.087853,175.808620,25,20,20,25
170,1,15,18,955,61.500347,81.138181,15,0,0,0
170,4,120,15,850,154.379259,175.810837,35,15,35,35
170,4,335,15,635,391.075058,416.565919,20,25,270,20
170,4,355,15,615,262.366523,377.600312,15,35,270,35
171,2,40,13,530,91.667608,113.964009,25,15,0,0
171,3,60,12,510,123.408422,141.229057,25,20,15,0
171,3,65,12,505,120.779849,139.799833,15,15,35,0
171,4,350,11,220,350.730673,374.869561,270,25,20,35
171,2,40,13,530,99.055186,119.425130,25,15,0,0
171,1,15,14,555,58.640726,76.395678,15,0,0,0
172,3,60,12,745,129.204583,146.480107,20,15,25,0
172,2,50,13,755,121.734170,143.893767,15,35,0,0
172,1,270,14,535,319.369111,343.566776,270,0,0,0
172,2,40,13,765,108.721509,133.618092,25,15,0,0
172,4,85,11,720,146.107433,161.569857,25,20,25,15
172,3,300,12,505,277.695850,385.377621,15,270,15,0
173,3,55,10,200,111.265142,128.070855,15,25,15,0
173,3,50,10,205,116.682206,131.679749,15,20,15,0
173,1,25,12,230,77.700068,101.865626,25,0,0,0
173,1,15,12,240,60.477247,81.547952,15,0,0,0
173,2,55,11,200,111.929367,126.555348,35,20,0,0
173,3,55,10,200,115.872146,131.724835,15,25,15,0
174,3,60,14,525,122.185258,148.567844,25,20,15,0
174,2,30,15,555,88.945951,113.472748,15,15,0,0
174,3,305,14,280,329.140636,356.344270,270,15,20,0
174,2,30,15,555,92.191726,118.148374,15,15,0,0
174,4,95,13,490,137.186396,157.031965,35,25,20,15
174,3,65,14,520,127.152891,147.294211,25,20,20,0
175,3,70,16,590,139.003547,158.349443,15,35,20,0
175,2,35,17,625,114.764895,146.347356,15,20,0,0
175,2,45,17,615,127.575099,153.665805,20,25,0,0
175,4,90,15,570,149.400638,169.214272,15,15,25,35
175,4,80,15,580,143.136443,161.843205,25,15,15,25
175,4,340,15,320,376.483008,396.254683,15,270,35,20
176,1,25,11,495,81.745383,102.646518,25,0,0,0
176,1,15,11,505,60.389806,82.442116,15,0,0,0
176,4,350,8,170,384.378731,406.721521,20,25,270,35
176,1,20,11,500,84.398843,108.689642,20,0,0,0
176,4,85,8,435,132.496123,150.272298,25,20,25,15
176,1,25,11,495,80.252421,100.364948,25,0,0,0
177,2,40,13,1515,89.103538,119.784331,25,15,0,0
177,2,295,13,1260,359.485973,423.002362,270,25,0,0
177,1,270,14,1285,349.871154,411.061239,270,0,0,0
177,3,300,12,1255,311.764487,472.881150,15,15,270,0
177,4,325,11,1230,373.441085,435.151624,270,25,15,15
177,3,325,12,1230,367.089310,438.831925,20,35,270,0
178,1,270,13,485,311.687856,332.849097,270,0,0,0
178,2,40,12,715,101.002492,119.731903,15,25,0,0
178,3,45,11,710,111.755178,124.907684,15,15,15,0
178,3,325,11,430,304.239422,360.935688,35,20,270,0
178,2,30,12,725,87.810010,111.291528,15,15,0,0
178,3,45,11,710,104.198962,121.734476,15,15,15,0
179,2,285,13,545,321.360306,347.192216,270,15,0,0
179,2,50,13,780,109.293733,127.049232,15,35,0,0
179,1,25,14,805,81.564863,103.710365,25,0,0,0
179,4,340,11,490,368.543282,386.290860,15,270,35,20
179,4,100,11,730,147.607963,164.108944,20,35,25,20
179,2,30,13,800,91.160419,109.753990,15,15,0,0
180,2,285,16,810,320.948263,346.630192,270,15,0,0
180,2,30,16,1065,83.433737,110.346341,15,15,0,0
180,4,100,14,995,136.496217,158.033276,15,35,35,15
180,4,320,14,775,325.511856,547.958851,15,15,20,270
180,4,325,14,770,283.370136,395.737982,25,15,270,15
180,2,35,16,1060,98.507735,132.453013,15,20,0,0
181,3,55,10,1210,665.162771,175.004983,20,15,20,0
181,2,285,11,980,1119.298711,542.208457,270,15,0,0
181,4,355,9,910,1118.461540,522.996331,25,35,25,270
181,2,285,11,980,1122.136729,559.681868,15,270,0,0
181,1,15,12,1250,569.077835,101.061416,15,0,0,0
181,1,270,12,995,1031.560743,389.571809,270,0,0,0
182,2,60,9,675,108.830233,127.776670,35,25,0,0
182,1,15,10,720,65.976380,83.873391,15,0,0,0
182,1,270,10,465,311.687652,334.540343,270,0,0,0
182,3,65,8,670,127.369889,144.128347,20,25,20,0
182,1,25,10,710,78.751714,96.565247,25,0,0,0
182,3,300,8,435,344.847956,364.503050,15,270,15,0
183,2,35,9,455,94.007980,112.665320,20,15,0,0
183,1,35,10,455,87.829393,103.939271,35,0,0,0
183,2,305,9,185,324.563373,342.417407,270,35,0,0
183,1,15,10,475,53.186487,73.756742,15,0,0,0
183,4,85,7,405,126.591810,135.900306,35,15,15,20
183,1,15,10,475,60.273327,74.482966,15,0,0,0
184,3,85,10,690,130.725999,151.779437,35,35,15,0
184,2,285,11,490,264.300433,373.488092,15,270,0,0
184,2,40,11,735,108.094732,132.506847,20,20,0,0
184,1,15,12,760,65.946810,87.095809,15,0,0,0
184,4,315,9,460,357.858670,388.287068,15,15,270,15
184,1,35,12,740,94.590985,115.872121,35,0,0,0
185,3,55,13,590,113.320043,127.172947,25,15,15,0
185,3,95,13,550,135.151610,150.585413,25,35,35,0
185,2,35,14,610,105.321817,127.507687,15,20,0,0
185,3,325,13,320,335.392798,356.484365,270,35,20,0
185,1,25,15,620,70.161941,98.664546,25,0,0,0
185,4,110,12,535,143.457872,156.657124,25,15,35,35
186,2,40,11,730,114.825045,134.189963,20,20,0,0
186,3,305,10,465,354.386916,374.982691,15,270,20,0
186,2,50,11,720,109.875822,126.644206,35,15,0,0
186,4,340,9,430,373.083607,398.861289,15,270,20,35
186,1,20,12,750,88.809942,116.942120,20,0,0,0
186,1,15,12,755,63.166718,87.078261,15,0,0,0
187,1,15,15,570,60.876876,78.970575,15,0,0,0
187,4,335,12,250,344.254203,367.404366,270,25,15,25
187,2,40,14,545,97.824581,114.138508,25,15,0,0
187,4,90,12,495,131.365162,146.595407,15,25,35,15
187,1,35,15,550,85.034336,108.013796,35,0,0,0
187,4,70,12,515,123.033311,140.902447,25,15,15,15
188,2,55,13,550,119.473736,141.985798,35,20,0,0
188,3,320,12,285,344.482207,368.477249,270,25,25,0
188,1,25,14,580,78.959556,105.981755,25,0,0,0
188,2,35,13,570,108.594391,134.478593,15,20,0,0
188,4,100,11,505,139.159924,160.360837,35,15,25,25
188,3,70,12,535,128.071628,149.284005,35,20,15,0
189,3,55,12,760,117.614520,137.132382,15,15,25,0
189,2,285,13,530,267.538192,377.711248,15,270,0,0
189,3,65,12,750,123.503935,148.853445,15,15,35,0
189,3,55,12,760,115.035355,136.008239,15,25,15,0
189,2,285,13,530,267.789931,377.561355,15,270,0,0
189,2,70,13,745,125.346843,149.064111,35,35,0,0
190,4,335,14,800,345.321767,372.051883,15,15,35,270
190,1,15,17,1120,64.114130,87.781978,15,0,0,0
190,3,50,15,1085,118.830203,144.616318,15,15,20,0
190,4,335,14,800,359.616759,390.496063,270,25,15,25
190,2,295,16,840,336.611462,365.889835,270,25,0,0
190,4,105,14,1030,147.041123,168.509650,20,35,25,25
191,3,75,15,845,135.899885,163.694620,35,15,25,0
191,1,35,17,885,98.589979,136.646318,35,0,0,0
191,4,90,14,830,158.218405,183.803558,20,25,25,20
191,4,115,14,805,159.840596,190.819788,35,35,20,25
191,2,285,16,635,330.251572,359.891200,270,15,0,0
191,4,320,14,600,339.451718,565.558076,15,15,20,270
192,3,80,17,1090,145.082487,167.744875,25,20,35,0
192,4,355,16,815,361.918705,408.435726,25,25,270,35
192,3,50,17,1120,131.954950,162.856555,15,15,20,0
192,3,45,17,1125,113.178703,143.557834,15,15,15,0
192,3,305,17,865,291.309093,402.952003,15,270,20,0
192,4,335,16,835,380.197231,404.032111,15,270,25,25
193,3,50,13,760,122.774101,149.645042,15,15,20,0
193,1,25,15,785,80.620788,107.355857,25,0,0,0
193,3,75,13,735,136.281077,158.059979,25,15,35,0
193,2,285,14,525,342.221982,366.891027,15,270,0,0
193,4,70,12,740,134.050397,157.211637,25,15,15,15
193,3,305,13,505,340.183283,382.404971,20,270,15,0
194,2,30,13,810,91.752008,116.533709,15,15,0,0
194,3,85,12,755,139.064164,159.945798,15,35,35,0
194,2,45,13,795,112.545302,138.463950,25,20,0,0
194,2,295,13,545,329.885193,357.505274,270,25,0,0
194,3,60,12,780,127.829262,148.469519,15,25,20,0
194,3,325,12,515,343.092191,381.971789,20,35,270,0
195,1,15,13,1055,63.657966,81.245255,15,0,0,0
195,2,285,12,785,340.725942,359.067821,15,270,0,0
195,1,35,13,1035,93.550571,112.867641,35,0,0,0
195,3,315,11,755,339.953083,381.654000,20,270,25,0
195,4,335,10,735,334.280368,377.509308,25,25,270,15
195,3,85,11,985,124.260927,143.010497,35,15,35,0
196,3,330,14,550,355.776659,383.748317,270,25,35,0
196,2,40,15,840,99.118589,120.495606,25,15,0,0
196,4,85,13,795,143.426136,160.967302,25,20,15,25
196,1,20,16,860,87.986671,120.670414,20,0,0,0
196,3,325,14,555,351.928754,379.032874,270,20,35,0
196,4,80,13,800,133.692361,153.035855,15,25,25,15
197,3,75,13,520,131.208395,149.631953,25,25,25,0
197,1,25,15,570,87.826929,112.206888,25,0,0,0
197,4,70,12,525,128.757714,145.971036,15,15,25,15
197,1,20,15,575,88.486335,117.969537,20,0,0,0
197,4,90,12,505,150.163633,170.597815,20,20,15,35
197,3,315,13,280,336.881145,362.520433,270,25,20,0
198,2,50,18,1160,124.483719,150.558161,15,35,0,0
198,3,50,17,1160,136.860630,164.772439,15,20,15,0
198,3,325,17,885,325.042783,394.630766,35,20,270,0
198,4,330,16,880,366.175848,424.136544,20,25,15,270
198,4,120,16,1090,168.652446,189.564061,15,35,35,35
198,4,335,16,875,387.665113,410.713410,15,270,15,35
199,2,35,12,540,104.676501,122.689271,15,20,0,0
199,3,75,11,500,125.283320,137.030506,35,15,25,0
199,2,45,12,530,111.283189,130.018831,20,25,0,0
199,1,25,13,550,79.370176,103.822994,25,0,0,0
199,4,335,10,240,340.424585,361.683655,270,15,15,35
199,2,60,12,515,115.691841,129.269361,35,25,0,0
200,2,60,9,950,116.064758,142.480850,35,25,0,0
200,2,290,9,720,334.001936,378.522825,20,270,0,0
200,1,270,10,740,324.043949,354.156899,270,0,0,0
200,1,15,10,995,66.063650,86.358404,15,0,0,0
200,1,270,10,740,324.534389,348.957061,270,0,0,0
200,4,105,7,905,147.308240,167.978812,35,35,15,20
201,2,305,11,470,329.898663,350.756025,35,270,0,0
201,2,30,11,745,87.660569,110.396719,15,15,0,0
201,4,75,9,700,128.903962,145.113564,15,25,20,15
201,2,50,11,725,109.235654,127.139855,35,15,0,0
201,2,295,11,480,327.865560,351.752520,270,25,0,0
201,1,20,12,755,84.739602,119.106102,20,0,0,0
202,3,55,13,790,114.990641,135.952950,25,15,15,0
202,3,80,13,765,130.955374,150.044346,25,35,20,0
202,1,270,15,575,319.858239,348.770714,270,0,0,0
202,1,15,15,830,55.614395,75.356006,15,0,0,0
202,4,85,12,760,141.750672,162.191105,15,20,35,15
202,4,340,12,505,356.736101,384.900618,270,35,20,15
203,1,20,10,440,82.128659,102.536058,20,0,0,0
203,2,35,9,425,95.127844,110.898447,15,20,0,0
203,1,15,10,445,62.955097,81.479549,15,0,0,0
203,3,320,8,140,329.469951,352.662492,270,25,25,0
203,1,15,10,445,63.945510,83.463979,15,0,0,0
203,3,55,8,405,109.766910,119.300031,15,15,25,0
204,3,75,16,845,134.847747,159.974218,15,35,25,0
204,4,315,15,605,291.224434,414.311075,15,15,270,15
204,3,310,16,610,365.498676,389.476299,15,270,25,0
204,1,35,18,885,96.969435,125.771713,35,0,0,0
204,4,110,15,810,159.209352,177.335000,25,15,35,35
204,4,75,15,845,149.675016,171.150565,15,20,20,20
205,2,50,12,225,106.620489,127.689195,25,25,0,0
205,2,40,12,235,100.711000,120.878959,25,15,0,0
205,2,30,12,245,93.277471,116.774416,15,15,0,0
205,3,65,11,210,121.793968,138.233804,15,15,35,0
205,2,40,12,235,98.379701,120.477653,25,15,0,0
205,3,50,11,225,117.060773,132.438874,15,20,15,0
206,2,285,10,700,329.452375,352.966928,15,270,0,0
206,3,300,9,685,269.563856,376.867247,15,270,15,0
206,1,15,11,970,66.326942,82.538462,15,0,0,0
206,1,35,11,950,90.879520,112.306475,35,0,0,0
206,3,300,9,685,268.774992,379.194498,15,270,15,0
206,2,50,10,935,100.367696,116.046858,35,15,0,0
207,2,50,12,790,102.958583,121.405220,15,35,0,0
207,3,65,11,775,114.607139,128.693533,35,15,15,0
207,2,50,12,790,104.591317,122.546863,15,35,0,0
207,4,345,10,495,336.363105,375.957608,25,270,35,15
207,2,305,12,535,331.824139,354.742742,270,35,0,0
207,1,25,13,815,70.486923,93.689680,25,0,0,0
208,2,60,12,1245,126.545960,153.673577,35,25,0,0
208,2,35,12,1270,113.886088,143.144107,20,15,0,0
208,4,320,10,985,376.116728,401.959682,15,15,270,20
208,2,290,12,1015,345.449396,391.618585,20,270,0,0
208,1,270,13,1035,333.153878,364.138007,270,0,0,0
208,3,330,11,975,367.591054,395.491481,270,25,35,0
209,1,20,16,1065,87.766347,120.261144,20,0,0,0
209,1,20,16,1065,86.665859,117.511392,20,0,0,0
209,4,75,13,1010,135.326482,158.544278,25,15,15,20
209,3,310,14,775,351.256994,382.775426,25,15,270,0
209,4,335,13,750,299.766720,455.016256,15,35,15,270
209,4,325,13,760,295.613122,413.573194,15,15,25,270
210,4,325,13,525,370.167460,391.345286,15,270,15,25
210,2,285,15,565,329.523364,353.264833,270,15,0,0
210,3,50,14,800,123.627641,146.114541,20,15,15,0
210,1,15,16,835,65.152529,83.221603,15,0,0,0
210,3,70,14,780,131.308284,152.743006,15,35,20,0
210,4,105,13,745,150.179838,171.553874,15,35,35,20
211,2,285,13,490,269.456474,376.047563,15,270,0,0
211,2,30,13,745,91.542338,121.931052,15,15,0,0
211,2,30,13,745,97.598475,125.726319,15,15,0,0
211,3,60,12,715,128.873287,147.584009,25,20,15,0
211,4,325,11,450,316.531835,418.432331,20,20,15,270
211,2,45,13,730,116.917903,140.939236,25,20,0,0
212,4,315,18,1680,431.454086,521.482968,270,15,15,15
212,4,345,18,1650,440.292602,540.483332,25,270,15,35
212,4,350,18,1645,462.135712,523.376965,25,20,35,270
212,2,290,20,1705,401.718235,502.297949,270,20,0,0
212,4,345,18,1650,443.961904,534.040356,25,25,270,25
212,4,350,18,1645,438.974400,517.426277,35,270,25,20
213,2,40,16,580,101.727977,123.272800,25,15,0,0
213,2,30,16,590,91.594037,113.697052,15,15,0,0
213,4,315,14,305,277.565635,385.546708,15,15,15,270
213,4,75,14,545,129.136633,149.694848,25,15,15,20
213,3,75,15,545,128.458449,148.040152,25,15,35,0
213,3,85,15,535,132.068930,151.902104,25,35,25,0
214,2,285,17,1135,351.062417,383.544898,15,270,0,0
214,2,40,17,1380,93.555174,118.723106,25,15,0,0
214,4,335,15,1085,292.214670,476.864529,35,15,15,270
214,3,340,16,1080,370.402684,404.987479,270,35,35,0
214,4,320,15,1100,373.706924,405.032730,15,270,20,15
214,4,100,15,1320,141.946486,169.675493,15,35,25,25
215,2,40,10,210,98.417602,115.762615,25,15,0,0
215,4,75,8,175,124.529293,136.686539,15,25,15,20
215,1,15,11,235,65.143070,80.034923,15,0,0,0
215,1,25,11,225,75.211526,92.820096,25,0,0,0
215,3,75,9,175,120.821103,135.307145,15,35,25,0
215,1,20,11,230,80.841255,102.269411,20,0,0,0
216,2,45,11,485,111.219430,131.376577,20,25,0,0
216,3,300,10,230,262.599469,365.992546,15,15,270,0
216,2,35,11,495,106.924981,127.003026,20,15,0,0
216,2,30,11,500,92.729288,115.185022,15,15,0,0
216,3,95,10,435,137.713139,150.004982,35,25,35,0
216,1,25,12,505,82.169951,106.275820,25,0,0,0
217,2,285,18,1155,366.924887,402.052712,15,270,0,0
217,4,90,16,1350,172.117295,200.364661,20,20,15,35
217,3,75,17,1365,138.500279,168.518448,15,35,25,0
217,4,345,16,1095,326.335567,437.834406,15,270,35,25
217,4,335,16,1105,318.559126,437.417961,15,15,270,35
217,3,310,17,1130,371.221267,417.657304,20,270,20,0
218,3,45,17,1360,109.287633,129.279328,15,15,15,0
218,3,300,17,1105,353.398124,393.126750,270,15,15,0
218,3,300,17,1105,291.124625,410.853314,15,270,15,0
218,3,320,17,1085,254.377376,388.591695,35,15,270,0
218,4,325,16,1080,304.686913,438.084150,15,15,270,25
218,4,115,16,1290,169.046615,193.777061,20,35,25,35
219,1,20,11,490,86.069870,109.136652,20,0,0,0
219,4,80,8,430,125.839630,141.394878,15,15,35,15
219,1,15,11,495,66.949390,89.943338,15,0,0,0
219,2,40,10,470,111.858327,127.145696,20,20,0,0
219,3,330,9,180,323.621997,358.890033,25,270,35,0
219,1,25,11,485,82.209079,105.696607,25,0,0,0
220,3,65,9,975,109.710945,125.576949,15,25,25,0
220,2,305,10,735,334.685117,357.422018,270,35,0,0
220,1,35,11,1005,88.449182,113.423991,35,0,0,0
220,1,270,11,770,314.117985,338.987112,270,0,0,0
220,4,340,8,700,356.991287,380.275917,270,15,20,35
220,1,25,11,1015,71.257311,93.304086,25,0,0,0
221,3,305,10,465,335.747696,366.921020,270,20,15,0
221,2,290,11,480,328.082906,371.858359,20,270,0,0
221,2,45,11,725,104.994749,135.850000,20,25,0,0
221,1,15,12,755,64.981475,87.285805,15,0,0,0
221,1,15,12,755,70.460106,89.566207,15,0,0,0
221,4,100,9,670,140.496885,165.565323,25,20,35,20
222,2,30,8,440,85.942034,104.272341,15,15,0,0
222,2,50,8,420,102.493030,116.692734,15,35,0,0
222,2,55,8,415,113.426520,128.288603,20,35,0,0
222,2,50,8,420,103.465488,115.863800,15,35,0,0
222,1,15,9,455,54.913174,78.097701,15,0,0,0
222,1,270,9,200,303.444077,325.397467,270,0,0,0
223,1,35,12,485,88.196020,107.944274,35,0,0,0
223,1,15,12,505,68.191297,89.051723,15,0,0,0
223,2,285,11,235,311.859381,337.482810,270,15,0,0
223,2,35,11,485,98.948088,115.692997,20,15,0,0
223,4,100,9,420,131.806539,154.067445,25,15,35,25
223,3,50,10,470,102.566419,117.088533,15,15,20,0
224,2,60,14,525,114.988610,135.085702,25,35,0,0
224,3,305,13,280,332.076590,372.135806,20,270,15,0
224,3,65,13,520,122.098248,140.583015,15,35,15,0
224,3,50,13,535,118.733807,137.909650,15,15,20,0
224,1,15,15,570,60.995435,78.209353,15,0,0,0
224,4,90,12,495,135.562402,155.223298,25,35,15,15
225,1,35,18,1225,90.595566,116.663813,35,0,0,0
225,4,325,15,935,356.794724,386.016822,270,15,25,15
225,4,110,15,1150,145.072935,171.095872,35,35,15,25
225,2,70,17,1190,115.335186,150.132394,35,35,0,0
225,4,365,15,895,347.750181,461.580730,35,35,25,270
225,4,355,15,905,373.411455,401.895833,270,15,35,35
226,4,110,12,475,142.711736,159.415627,25,35,15,35
226,1,15,15,570,61.809866,79.166556,15,0,0,0
226,3,50,13,535,115.189561,134.745097,15,15,20,0
226,3,305,13,280,332.066652,355.682539,270,20,15,0
226,2,30,14,555,88.000780,105.115628,15,15,0,0
226,3,75,13,510,122.437637,139.119339,15,35,25,0
227,2,40,14,815,99.834819,121.142984,25,15,0,0
227,4,340,12,515,354.648414,428.584695,20,15,270,35
227,1,270,15,585,319.197117,343.765760,270,0,0,0
227,4,105,12,750,145.575959,167.490387,35,35,20,15
227,1,25,15,830,77.924368,106.870865,25,0,0,0
227,4,75,12,780,136.511703,157.259893,20,15,25,15
228,3,60,15,550,130.012778,152.693176,25,20,15,0
228,2,290,16,320,341.182064,368.822241,270,20,0,0
228,4,75,14,535,140.398414,158.740950,15,25,15,20
228,3,50,15,560,130.848900,158.986879,20,15,15,0
228,2,60,16,550,129.102845,148.076654,35,25,0,0
228,4,75,14,535,154.433926,172.217798,20,15,20,20
229,2,285,10,475,255.461335,363.949848,15,270,0,0
229,2,50,10,710,105.842841,120.396518,15,35,0,0
229,3,310,9,450,326.351450,347.881031,270,25,15,0
229,3,65,9,695,111.518670,123.450351,25,15,25,0
229,1,35,11,725,84.620152,109.202147,35,0,0,0
229,1,15,11,745,55.688891,75.742054,15,0,0,0
230,2,50,9,455,95.215806,113.474632,15,35,0,0
230,1,15,10,490,62.781460,83.122135,15,0,0,0
230,3,60,8,445,113.568485,126.386594,15,25,20,0
230,2,50,9,455,97.440127,115.527868,25,25,0,0
230,2,305,9,200,313.612668,331.755685,35,270,0,0
230,1,25,10,480,71.572890,90.021228,25,0,0,0
231,3,65,13,1305,117.673869,147.047400,25,25,15,0
231,2,305,14,1065,347.754128,381.699776,270,35,0,0
231,4,350,12,1020,375.244937,406.017614,270,20,25,35
231,2,295,14,1075,343.025151,378.058052,270,25,0,0
231,4,335,12,1035,372.908801,406.243348,270,15,15,35
231,1,20,15,1350,81.708908,119.805336,20,0,0,0
232,4,120,14,1260,147.288162,178.711462,15,35,35,35
232,1,20,17,1360,81.294465,113.351655,20,0,0,0
232,4,315,14,1065,362.642443,402.763843,15,270,15,15
232,3,320,15,1060,333.275877,387.819958,25,270,25,0
232,2,285,16,1095,338.774732,380.505061,270,15,0,0
232,4,320,14,1060,340.399479,559.263372,15,15,20,270
233,1,15,13,355,64.526905,79.243541,15,0,0,0
233,4,105,10,265,140.947013,156.604981,15,35,35,20
233,2,50,12,320,100.563225,117.235613,25,25,0,0
233,2,60,12,310,111.078024,127.874756,35,25,0,0
233,1,35,13,335,86.035466,106.017351,35,0,0,0
233,4,105,10,265,141.475810,159.098482,35,35,20,15
234,3,320,16,555,345.508301,368.650985,270,15,35,0
234,1,15,18,860,64.775538,81.939102,15,0,0,0
234,4,90,15,785,141.803839,155.492544,15,25,15,35
234,3,50,16,825,120.616773,141.931653,20,15,15,0
234,4,320,15,555,363.197610,384.730220,15,270,20,15
234,4,80,15,795,131.504372,147.391414,15,15,35,15
235,4,320,14,555,334.134456,557.939243,15,15,20,270
235,4,90,14,785,155.998656,184.515572,20,25,20,25
235,2,30,16,845,95.871582,122.620249,15,15,0,0
235,3,305,15,570,374.014078,444.194222,15,20,270,0
235,1,25,17,850,82.707217,114.859581,25,0,0,0
235,4,105,14,770,159.552212,182.529759,20,15,35,35
236,2,305,11,510,324.904125,346.729135,35,270,0,0
236,3,70,10,745,123.482792,137.021113,35,15,20,0
236,3,75,10,740,122.880287,138.126803,25,25,25,0
236,3,310,10,505,332.750279,356.278849,270,15,25,0
236,1,35,12,780,92.102870,114.472699,35,0,0,0
236,1,20,12,795,79.924868,108.657813,20,0,0,0
237,3,305,11,255,326.940848,352.227020,270,15,20,0
237,1,35,13,525,85.551068,104.419828,35,0,0,0
237,1,25,13,535,74.188422,89.902282,25,0,0,0
237,4,70,10,490,125.500993,146.452904,15,15,20,20
237,1,25,13,535,64.317248,87.776041,25,0,0,0
237,4,100,10,460,131.276158,151.355362,15,35,25,25
238,2,50,12,790,101.655917,120.812249,15,35,0,0
238,3,65,11,775,109.979397,127.969480,35,15,15,0
238,3,65,11,775,113.000119,131.499457,35,15,15,0
238,3,340,11,500,346.328745,372.861981,270,35,35,0
238,2,295,12,545,321.978378,348.739266,270,25,0,0
238,1,25,13,815,77.856426,96.434403,25,0,0,0
239,4,335,15,535,351.951898,380.339790,270,25,25,15
239,3,45,16,825,110.135030,135.535455,15,15,15,0
239,4,100,15,770,139.996736,162.139940,35,15,25,25
239,2,30,17,840,89.606770,114.281630,15,15,0,0
239,2,285,17,585,327.579405,354.480291,270,15,0,0
239,4,75,15,795,137.231200,161.835694,20,25,15,15
240,1,20,15,825,87.568668,121.993542,20,0,0,0
240,2,50,14,795,109.859933,130.229831,15,35,0,0
240,4,350,12,495,357.763772,398.104382,20,270,35,25
240,4,335,12,510,337.330579,365.295815,35,15,270,15
240,4,75,12,770,136.614193,155.480766,15,20,25,15
240,1,15,15,830,69.771185,89.588904,15,0,0,0
241,3,75,14,810,130.834480,148.528385,15,35,25,0
241,3,310,14,575,328.591170,371.244097,25,270,15,0
241,4,85,13,800,148.006132,166.786337,20,20,20,25
241,1,15,16,870,67.975460,90.302515,15,0,0,0
241,4,350,13,535,362.199459,386.398697,270,35,25,20
241,2,50,15,835,105.326688,128.733945,35,15,0,0
242,2,50,9,470,110.804020,132.842684,15,35,0,0
242,2,35,9,485,107.216375,133.627105,20,15,0,0
242,2,60,9,460,115.058206,134.780979,35,25,0,0
242,2,50,9,470,108.287703,127.385211,25,25,0,0
242,1,270,10,250,313.198456,336.161255,270,0,0,0
242,2,55,9,465,113.548417,130.892062,35,20,0,0
243,1,15,13,1065,62.314771,76.773214,15,0,0,0
243,2,50,12,1030,108.554928,123.573756,25,25,0,0
243,3,305,11,775,336.621137,372.757530,20,270,15,0
243,2,60,12,1020,109.406277,128.871107,25,35,0,0
243,3,330,11,750,341.565332,358.573079,35,270,25,0
243,3,320,11,760,342.584689,364.468908,270,35,15,0
244,2,305,14,555,348.873563,374.148750,270,35,0,0
244,2,295,14,565,324.201760,369.746232,25,270,0,0
244,2,40,14,820,123.999038,157.582069,20,20,0,0
244,4,105,12,755,161.577418,184.053374,15,20,35,35
244,2,40,14,820,110.711194,135.643888,25,15,0,0
244,4,75,12,785,149.780313,172.201919,15,20,15,25
245,3,55,14,865,142.416172,168.750167,20,20,15,0
245,2,70,15,850,137.320626,160.543680,35,35,0,0
245,3,300,14,620,361.182333,390.674949,15,270,15,0
245,2,285,15,635,341.095744,369.717407,270,15,0,0
245,4,115,13,805,160.942864,183.637976,35,20,35,25
245,3,95,14,825,153.696679,174.991178,35,35,25,0
246,2,285,14,1040,340.534409,375.378847,270,15,0,0
246,4,320,12,1005,304.448219,409.891201,15,20,270,15
246,1,15,15,1310,65.446247,88.338018,15,0,0,0
246,2,305,14,1020,345.912645,367.574000,35,270,0,0
246,3,60,13,1265,130.827991,157.249236,25,20,15,0
246,4,340,12,985,367.778628,409.078955,20,270,25,25
247,2,30,9,215,88.884864,107.803297,15,15,0,0
247,2,35,9,210,93.748403,111.061096,15,20,0,0
247,1,35,10,210,91.968876,112.078047,35,0,0,0
247,1,35,10,210,85.189035,106.800723,35,0,0,0
247,1,15,10,230,61.092215,81.879878,15,0,0,0
247,4,95,7,150,134.432706,146.992898,25,20,35,15
248,2,40,14,825,86.832203,107.590747,25,15,0,0
248,1,15,15,850,65.219327,82.080078,15,0,0,0
248,1,25,15,840,76.760988,91.599917,25,0,0,0
248,4,365,12,500,348.596218,371.543288,35,270,25,35
248,4,85,12,780,132.518290,154.304456,15,35,20,15
248,4,335,12,530,332.907342,357.929015,35,15,270,15
249,1,20,12,1000,84.193249,113.610935,20,0,0,0
249,3,320,10,700,281.538802,393.634105,15,270,35,0
249,1,15,12,1005,69.188204,86.704946,15,0,0,0
249,1,270,12,750,315.426431,342.156815,270,0,0,0
249,4,320,9,700,345.280799,389.771986,20,270,15,15
249,3,75,10,945,124.506228,141.555500,15,35,25,0
250,1,35,10,955,82.006328,99.588466,35,0,0,0
250,1,270,10,720,312.232634,337.227845,270,0,0,0
250,1,15,10,975,63.889403,84.275102,15,0,0,0
250,4,335,7,655,348.924987,376.095653,270,25,15,25
250,1,15,10,975,64.284265,82.984519,15,0,0,0
250,3,320,8,670,335.481054,361.861634,270,35,15,0
251,2,285,11,225,311.688920,331.691957,270,15,0,0
251,3,55,10,455,110.109754,123.834419,25,15,15,0
251,1,35,12,475,82.747967,102.791262,35,0,0,0
251,2,40,11,470,82.385519,104.574085,25,15,0,0
251,4,80,9,430,125.228932,134.543943,25,15,25,15
251,1,15,12,495,61.147519,78.028559,15,0,0,0
252,2,60,12,740,122.705299,144.634223,25,35,0,0
252,2,35,12,765,106.901392,136.992597,15,20,0,0
252,2,305,12,495,341.581639,370.624876,270,35,0,0
252,4,70,10,730,136.047027,156.494165,15,15,20,20
252,1,20,13,780,75.700757,112.210893,20,0,0,0
252,3,310,11,490,349.642383,373.483705,270,20,20,0
253,2,50,11,240,110.091349,125.482750,35,15,0,0
253,2,35,11,255,106.647779,127.756881,20,15,0,0
253,3,70,10,220,130.309933,143.903851,20,15,35,0
253,1,15,12,275,64.623868,82.496476,15,0,0,0
253,2,40,11,250,90.820526,114.919186,15,25,0,0
253,3,80,10,210,127.281817,138.409352,35,20,25,0
254,2,50,14,1045,109.569164,130.033517,15,35,0,0
254,2,35,14,1060,96.576065,123.178100,15,20,0,0
254,1,25,15,1070,79.344604,99.555827,25,0,0,0
254,3,320,13,775,344.301248,376.312828,270,15,35,0
254,4,350,12,745,320.668499,374.022985,25,35,270,20
254,4,315,12,780,281.760242,406.659341,15,15,270,15
255,3,80,12,815,148.946645,172.003603,20,25,35,0
255,1,35,14,860,108.327159,139.654350,35,0,0,0
255,3,325,12,570,359.170624,400.037098,20,270,35,0
255,3,85,12,810,147.742841,168.325805,15,35,35,0
255,2,45,13,850,128.949837,152.985692,25,20,0,0
255,3,325,12,570,314.032831,380.052495,35,20,270,0
256,3,325,13,530,348.192569,374.896335,270,20,35,0
256,1,15,15,840,69.453615,88.256455,15,0,0,0
256,3,65,13,790,134.906299,157.091618,20,20,25,0
256,3,320,13,535,340.002307,361.087585,35,270,15,0
256,3,45,13,810,101.928973,122.313333,15,15,15,0
256,3,85,13,770,130.471969,153.724456,25,35,25,0
257,2,50,17,1145,106.615291,138.066602,35,15,0,0
257,4,355,15,840,371.500350,400.787330,270,25,35,25
257,3,65,16,1130,123.847232,154.864597,35,15,15,0
257,4,335,15,860,377.206334,403.396130,15,270,35,15
257,2,305,17,890,348.411640,375.198245,270,35,0,0
257,4,85,15,1110,149.638088,175.450253,20,25,15,25
258,1,15,14,1330,77.485231,104.668999,15,0,0,0
258,4,340,11,1005,368.870000,412.379432,20,35,270,15
258,2,55,13,1290,130.393269,161.340594,20,35,0,0
258,1,270,14,1075,332.363802,363.955999,270,0,0,0
258,4,340,11,1005,364.451678,406.192231,20,35,270,15
258,3,325,12,1020,362.368330,408.709932,20,270,35,0
259,2,285,15,350,323.062751,353.919316,270,15,0,0
259,3,60,14,575,127.769331,153.626966,20,15,25,0
259,3,105,14,530,146.240133,164.292264,35,35,35,0
259,1,25,16,610,75.475813,104.837679,25,0,0,0
259,4,70,13,565,130.846552,154.077912,15,15,25,15
259,4,90,13,545,136.554289,157.896567,25,25,25,15
260,2,50,10,465,102.999442,119.823528,35,15,0,0
260,3,65,9,450,113.590672,125.244855,35,15,15,0
260,1,20,11,495,81.824148,102.897740,20,0,0,0
260,1,25,11,490,74.704069,95.554948,25,0,0,0
260,1,35,11,480,87.598985,106.093979,35,0,0,0
260,4,320,8,195,344.341007,365.671134,15,270,15,20
261,2,290,15,365,330.287786,369.681120,20,270,0,0
261,3,65,14,590,129.539171,148.792148,15,15,35,0
261,2,70,15,585,128.593867,148.114014,35,35,0,0
261,4,100,13,555,147.753594,164.650512,15,35,35,15
261,2,50,15,605,113.808643,136.531972,15,35,0,0
261,4,80,13,575,136.025561,154.816866,25,25,15,15
262,3,85,14,800,134.269347,165.257073,25,25,35,0
262,1,270,16,615,325.197185,355.519008,270,0,0,0
262,4,75,13,810,137.391233,164.970303,15,20,15,25
262,2,40,15,845,94.674610,127.326012,25,15,0,0
262,3,90,14,795,144.008443,176.168132,20,35,35,0
262,4,325,13,560,391.981407,570.537376,15,20,20,270
263,2,50,9,180,99.238653,112.009668,25,25,0,0
263,3,65,8,165,117.434988,131.295895,15,15,35,0
263,1,15,10,215,61.045086,79.037905,15,0,0,0
263,1,15,10,215,50.260291,68.717360,15,0,0,0
263,3,50,8,180,105.345327,121.476770,15,20,15,0
263,1,35,10,195,84.607301,98.254585,35,0,0,0
264,2,35,8,675,98.604562,119.867945,15,20,0,0
264,1,270,9,440,310.952316,334.950829,270,0,0,0
264,1,15,9,695,65.885576,85.244942,15,0,0,0
264,2,295,8,415,310.655004,351.381850,25,270,0,0
264,1,15,9,695,58.553615,79.283142,15,0,0,0
264,3,80,7,630,128.914728,143.867063,25,20,35,0
265,2,50,13,565,114.595407,133.668041,15,35,0,0
265,2,70,13,545,121.183400,141.681075,35,35,0,0
265,1,25,14,590,79.477692,101.576305,25,0,0,0
265,3,310,12,305,347.174808,368.560004,15,270,25,0
265,4,90,11,525,134.449924,156.241512,35,25,15,15
265,3,70,12,545,130.982455,154.391193,20,35,15,0
266,1,15,9,665,64.360294,82.053471,15,0,0,0
266,1,15,9,665,65.972323,79.754806,15,0,0,0
266,3,305,7,375,280.348685,427.761674,20,15,270,0
266,3,310,7,370,317.902126,347.760105,270,15,25,0
266,1,15,9,665,58.958901,79.249692,15,0,0,0
266,1,20,9,660,77.444221,92.436314,20,0,0,0
267,2,60,15,865,110.728048,131.174374,25,35,0,0
267,2,60,15,865,109.370831,130.540490,25,35,0,0
267,4,365,13,560,357.579796,459.448171,35,35,270,25
267,4,345,13,580,342.794620,368.015289,270,15,25,35
267,1,15,16,910,63.122250,84.856916,15,0,0,0
267,4,80,13,845,129.355521,144.618559,15,15,15,35
268,4,75,9,685,128.842083,150.307536,20,15,15,25
268,1,15,12,745,66.730912,82.502174,15,0,0,0
268,1,15,12,745,62.168655,77.611875,15,0,0,0
268,2,285,11,475,259.823436,368.154716,15,270,0,0
268,1,270,12,490,307.028810,333.170509,270,0,0,0
268,4,100,9,660,137.694466,157.841444,15,15,35,35
269,2,35,16,1125,100.739436,133.590936,15,20,0,0
269,2,40,16,1120,101.074362,132.767701,15,25,0,0
269,3,340,15,820,365.689813,470.952916,35,35,270,0
269,3,65,15,1095,138.021755,158.204341,20,20,25,0
269,4,340,14,820,262.214831,393.755698,35,15,270,20
269,4,340,14,820,370.675086,399.893021,270,20,15,35
270,3,50,13,495,127.897974,147.019553,20,15,15,0
270,2,295,14,250,310.510303,347.752309,25,270,0,0
270,4,70,12,475,130.485272,149.118256,15,15,25,15
270,2,40,14,505,103.361990,122.830391,15,25,0,0
270,1,20,15,525,88.315222,126.192808,20,0,0,0
270,4,70,12,475,131.096189,149.238205,15,25,15,15
271,1,15,8,425,62.408462,75.466704,15,0,0,0
271,1,15,8,425,54.187783,67.331171,15,0,0,0
271,1,35,8,405,80.132810,94.060874,35,0,0,0
271,3,65,6,375,114.575154,130.900526,25,20,20,0
271,2,295,7,145,301.249852,344.815421,25,270,0,0
271,1,15,8,425,58.048580,71.222043,15,0,0,0
272,2,45,13,255,105.795418,125.455809,20,25,0,0
272,4,90,11,210,132.851721,144.074988,15,35,25,15
272,1,15,14,285,61.422822,77.658796,15,0,0,0
272,1,25,14,275,80.529946,99.113321,25,0,0,0
272,3,65,12,235,115.044314,129.769946,35,15,15,0
272,4,60,11,240,116.722018,133.825422,15,15,15,15
273,1,35,13,815,89.423312,110.328197,35,0,0,0
273,3,315,11,535,324.573040,364.655661,25,270,20,0
273,2,60,12,790,105.676066,127.696920,35,25,0,0
273,4,85,10,765,137.510017,153.230405,15,35,15,20
273,3,330,11,520,308.502436,355.974912,25,35,270,0
273,1,25,13,825,76.401696,96.612262,25,0,0,0
274,3,330,10,480,341.288700,364.175891,270,35,25,0
274,2,305,11,505,330.717154,348.106337,35,270,0,0
274,3,55,10,755,122.296941,140.784908,15,20,20,0
274,3,80,10,730,133.319443,149.358224,35,20,25,0
274,1,25,12,785,77.458575,104.249812,25,0,0,0
274,1,15,12,795,67.426376,88.640475,15,0,0,0
275,1,270,14,855,322.467072,347.108626,270,0,0,0
275,3,320,12,805,362.229391,383.827496,15,270,35,0
275,2,35,13,1090,96.551341,127.556920,15,20,0,0
275,4,120,11,1005,150.473913,169.979811,35,35,15,35
275,4,345,11,780,354.118038,375.861692,35,270,25,15
275,1,35,14,1090,92.604467,114.141035,35,0,0,0
276,2,295,12,770,309.652750,352.131605,25,270,0,0
276,3,320,11,745,331.712078,350.595046,35,270,15,0
276,4,335,10,730,291.194974,398.948002,15,270,15,35
276,3,65,11,1000,117.175118,132.359004,15,35,15,0
276,1,15,13,1050,64.249810,82.896018,15,0,0,0
276,1,35,13,1030,90.662639,112.025785,35,0,0,0
277,3,80,18,1350,143.614923,178.477764,35,20,25,0
277,4,330,17,1100,345.880545,442.864084,15,25,20,270
277,3,45,18,1385,108.724729,141.992450,15,15,15,0
277,3,300,18,1130,370.989104,404.667973,15,270,15,0
277,4,340,17,1090,376.568592,414.413285,270,20,35,15
277,4,335,17,1095,362.357359,461.423564,15,35,270,15
278,2,30,13,810,89.743880,112.059235,15,15,0,0
278,2,285,13,555,331.216258,357.917261,270,15,0,0
278,2,50,13,790,108.081938,130.925441,35,15,0,0
278,2,45,13,795,109.092562,133.218121,25,20,0,0
278,4,120,11,720,149.261746,168.359089,35,25,25,35
278,3,310,12,530,341.008871,365.801239,270,25,15,0
279,1,25,11,760,77.238713,95.868802,25,0,0,0
279,2,30,10,755,86.033733,101.507569,15,15,0,0
279,1,20,11,765,74.198338,100.694561,20,0,0,0
279,3,300,9,485,333.097603,358.189345,270,15,15,0
279,1,35,11,750,89.139572,105.496597,35,0,0,0
279,4,375,8,410,362.785307,381.327438,35,270,35,35
280,3,70,11,545,131.970705,153.070021,15,20,35,0
280,2,55,12,560,118.092762,141.522694,35,20,0,0
280,1,25,13,590,84.378407,103.911733,25,0,0,0
280,1,35,13,580,95.424273,120.668530,35,0,0,0
280,4,110,10,505,149.275067,167.607856,25,35,15,35
280,3,320,11,295,336.330346,364.967894,270,25,25,0
281,1,25,11,470,82.067236,108.083343,25,0,0,0
281,2,40,10,455,97.399418,119.676805,15,25,0,0
281,3,55,9,440,113.573025,132.475090,15,15,25,0
281,4,70,8,425,130.921462,153.630805,15,20,20,15
281,1,270,11,225,308.892436,334.186673,270,0,0,0
281,1,35,11,460,97.276398,122.490025,35,0,0,0
282,3,45,15,295,114.331741,132.359362,15,15,15,0
282,2,35,16,305,107.063259,129.092001,15,20,0,0
282,3,45,15,295,115.685956,132.679248,15,15,15,0
282,3,65,15,275,122.956851,140.049625,25,15,25,0
282,3,70,15,270,128.558180,141.998768,25,25,20,0
282,4,80,14,260,136.106774,146.609259,15,35,15,15
283,2,70,11,740,121.224931,136.836505,35,35,0,0
283,2,40,11,770,102.666391,121.251774,15,25,0,0
283,3,80,10,730,130.060009,143.475961,20,35,25,0
283,1,15,12,795,64.339844,85.069680,15,0,0,0
283,4,335,9,475,346.118609,368.273282,270,25,25,15
283,1,270,12,540,311.373104,333.675981,270,0,0,0
284,4,85,9,460,138.062092,158.140850,15,20,15,35
284,1,20,12,525,88.166188,123.596263,20,0,0,0
284,1,35,12,510,98.584049,120.297599,35,0,0,0
284,2,50,11,495,111.394284,129.570388,35,15,0,0
284,1,20,12,525,90.135266,114.577699,20,0,0,0
284,4,335,9,210,349.026368,376.081395,270,25,20,20
285,3,65,14,270,141.878949,161.904502,25,20,20,0
285,3,60,14,275,140.617199,162.216115,20,15,25,0
285,4,85,13,250,149.484794,171.444702,15,35,20,15
285,1,15,16,320,75.485942,102.042484,15,0,0,0
285,2,40,15,295,123.270022,154.124546,20,20,0,0
285,4,70,13,265,143.283031,163.907361,15,15,25,15
286,2,30,17,1325,95.632220,125.244689,15,15,0,0
286,4,80,15,1275,160.457575,192.633486,20,15,20,25
286,3,310,16,1045,382.151752,479.433203,20,20,270,0
286,2,285,17,1070,355.526538,394.738460,270,15,0,0
286,4,330,15,1025,366.471577,419.954204,25,270,20,15
286,4,320,15,1035,371.010429,435.885000,15,20,15,270
287,1,25,13,1065,79.118506,105.860496,25,0,0,0
287,3,305,11,785,339.172897,366.813922,270,20,15,0
287,3,340,11,750,360.544986,387.765074,270,35,35,0
287,3,80,11,1010,135.152951,152.506757,20,25,35,0
287,1,35,13,1055,96.894534,119.689178,35,0,0,0
287,3,305,11,785,285.278152,387.076569,15,20,270,0
288,2,35,10,450,98.498975,125.666475,20,15,0,0
288,2,30,10,455,83.306985,113.962721,15,15,0,0
288,2,40,10,445,105.987768,130.853748,20,20,0,0
288,1,35,11,450,92.770700,120.136690,35,0,0,0
288,1,15,11,470,67.290809,93.956780,15,0,0,0
288,4,330,8,155,403.375471,540.491748,25,20,15,270
289,3,305,9,665,342.887450,369.987631,270,15,20,0
289,2,30,10,940,84.503992,108.530140,15,15,0,0
289,1,15,11,955,69.593455,88.642025,15,0,0,0
289,2,45,10,925,103.307837,122.523928,25,20,0,0
289,1,270,11,700,312.258315,340.071368,270,0,0,0
289,3,305,9,665,337.419776,364.078165,270,15,20,0
290,4,320,14,595,366.813910,389.964605,15,270,15,20
290,1,35,17,880,92.932997,118.365646,35,0,0,0
290,3,55,15,860,119.183123,138.543367,15,25,15,0
290,4,340,14,575,366.176354,389.715433,270,15,20,35
290,2,60,16,855,107.618812,131.323242,35,25,0,0
290,4,105,14,810,148.882853,165.228319,25,20,35,25
291,2,30,14,785,98.294739,120.186091,15,15,0,0
291,2,50,14,765,112.711289,131.913280,25,25,0,0
291,2,35,14,780,104.010898,125.016141,15,20,0,0
291,2,40,14,775,114.091338,135.055399,20,20,0,0
291,4,345,12,470,356.143272,377.581406,35,270,15,25
291,4,315,12,500,349.204403,376.115012,270,15,15,15
292,3,50,11,710,112.091217,130.870414,15,20,15,0
292,4,320,10,440,281.272748,402.221608,15,15,270,20
292,1,15,13,745,65.484562,88.153458,15,0,0,0
292,1,270,13,490,312.614321,338.624096,270,0,0,0
292,3,65,11,695,121.220309,137.576342,15,15,35,0
292,2,40,12,720,96.725125,120.240188,25,15,0,0
293,3,310,15,845,295.982262,407.870221,15,270,25,0
293,4,325,14,830,300.612744,411.999058,25,15,15,270
293,3,75,15,1080,133.886691,158.337331,35,25,15,0
293,3,310,15,845,351.703891,392.251015,20,270,20,0
293,1,35,17,1120,98.306513,129.696465,35,0,0,0
293,4,100,14,1055,163.997302,188.272452,25,20,20,35
294,1,35,9,465,99.904966,128.025412,35,0,0,0
294,1,20,9,480,85.108612,115.020776,20,0,0,0
294,3,65,7,435,129.431235,149.862432,25,20,20,0
294,3,90,7,410,141.950338,161.383676,35,35,20,0
294,1,20,9,480,79.945884,111.251426,20,0,0,0
294,1,270,9,230,317.491626,343.958902,270,0,0,0
295,3,305,15,830,378.266425,442.795325,15,20,270,0
295,2,45,16,1090,119.258654,149.675655,25,20,0,0
295,4,355,14,780,336.170307,388.441062,25,35,270,25
295,4,325,14,810,355.049307,383.795047,270,25,15,15
295,4,85,14,1050,148.861048,169.042015,25,20,25,15
295,1,20,17,1115,91.396928,134.616614,20,0,0,0
296,2,45,10,260,118.130997,139.407587,20,25,0,0
296,2,50,10,255,112.279255,134.008169,35,15,0,0
296,2,40,10,265,105.605011,126.205372,15,25,0,0
296,3,80,9,225,139.944555,158.251762,20,25,35,0
296,2,70,10,235,128.886863,147.734666,35,35,0,0
296,1,20,11,285,96.478492,125.932860,20,0,0,0
297,1,25,20,1400,78.349109,104.972553,25,0,0,0
297,4,85,17,1340,135.507014,156.274629,25,20,15,25
297,4,340,17,1085,366.987168,394.831395,270,25,20,25
297,4,315,17,1110,301.110693,423.716664,15,15,270,15
297,4,335,17,1090,256.534060,384.526944,35,15,270,15
297,4,325,17,1100,341.083101,386.823487,25,270,15,15
298,2,30,15,1090,89.586889,105.330825,15,15,0,0
298,4,315,13,805,356.863073,385.800266,15,15,270,15
298,1,15,16,1105,60.345945,76.409698,15,0,0,0
298,3,75,14,1045,119.013588,134.028864,25,35,15,0
298,3,330,14,790,351.546091,374.687386,270,35,25,0
298,4,355,13,765,253.866552,373.039294,15,35,270,35
299,2,55,16,815,123.883075,158.545828,20,35,0,0
299,2,55,16,815,117.741501,158.229566,35,20,0,0
299,2,285,16,585,276.547782,389.060497,15,270,0,0
299,4,330,14,540,347.074404,393.188262,25,270,15,20
299,4,75,14,795,150.419942,175.215149,20,20,20,15
299,4,70,14,800,144.457483,177.424002,20,20,15,15
300,2,60,11,465,111.581832,128.927779,35,25,0,0
300,3,305,10,220,356.530561,420.046186,15,20,270,0
300,2,30,11,495,93.186126,111.077404,15,15,0,0
300,1,15,12,510,69.219350,91.372299,15,0,0,0
300,1,20,12,505,84.356602,112.278509,20,0,0,0
300,4,95,9,430,130.720934,148.497820,35,15,25,20
301,3,60,14,1055,125.648386,148.249769,15,25,20,0
301,2,295,15,820,316.758138,360.658979,25,270,0,0
301,4,345,13,770,324.527103,376.236296,25,35,270,15
301,3,75,14,1040,131.887721,148.110485,15,25,35,0
301,3,300,14,815,352.463267,375.542259,15,270,15,0
301,2,40,15,1075,95.806119,125.514722,25,15,0,0
302,3,300,11,980,342.028288,376.159191,270,15,15,0
302,1,25,13,1255,74.945968,96.420717,25,0,0,0
302,1,270,13,1010,319.532117,353.249812,270,0,0,0
302,3,55,11,1225,107.554318,133.365202,25,15,15,0
302,4,345,10,935,357.377973,379.976320,35,270,20,20
302,2,285,12,995,270.242668,391.087079,15,270,0,0
303,2,40,17,925,106.532589,133.765721,25,15,0,0
303,3,50,16,915,129.475253,157.048273,15,20,15,0
303,3,320,16,645,368.913608,395.408368,15,270,35,0
303,4,360,15,605,357.179854,454.685760,20,35,35,270
303,3,75,16,890,131.901099,153.386164,25,15,35,0
303,4,120,15,845,154.863236,175.873232,35,25,35,25
304,4,330,11,560,346.962006,370.242262,270,15,25,20
304,1,25,14,865,69.988322,90.771151,25,0,0,0
304,1,25,14,865,68.761370,85.280490,25,0,0,0
304,3,105,12,785,132.264937,146.842766,35,35,35,0
304,4,355,11,535,351.725838,371.914029,35,270,15,35
304,2,50,13,840,97.920840,116.179228,35,15,0,0
305,2,50,15,585,114.361057,141.602588,35,15,0,0
305,2,35,15,600,112.708493,144.664740,15,20,0,0
305,4,90,13,545,145.016255,167.694592,15,35,15,25
305,4,345,13,290,361.952188,392.044854,270,15,25,35
305,3,70,14,565,132.661258,158.891082,35,15,20,0
305,2,45,15,590,115.664828,142.588997,25,20,0,0
306,2,45,12,1030,108.530023,128.998208,25,20,0,0
306,4,330,10,745,347.334620,371.173381,270,25,15,20
306,1,25,13,1050,78.878324,101.210927,25,0,0,0
306,4,355,10,720,346.751883,368.944406,35,25,25,270
306,2,50,12,1025,101.917636,120.957088,35,15,0,0
306,1,270,13,805,314.118364,340.091658,270,0,0,0
307,2,295,10,470,308.410895,353.010702,25,270,0,0
307,2,30,10,735,81.674014,97.986769,15,15,0,0
307,1,25,11,740,76.175798,96.372056,25,0,0,0
307,2,50,10,715,100.665567,116.392970,35,15,0,0
307,1,20,11,745,80.134488,101.142836,20,0,0,0
307,4,345,8,420,348.665376,379.744959,270,25,35,15
308,2,45,10,445,103.674999,122.265386,25,20,0,0
308,2,30,10,460,85.427399,105.587315,15,15,0,0
308,1,15,11,475,64.487290,83.105040,15,0,0,0
308,1,15,11,475,57.819666,74.165821,15,0,0,0
308,2,285,10,205,333.230226,350.344062,15,270,0,0
308,4,100,8,390,139.731166,157.127571,20,35,25,20
309,3,330,13,995,343.225448,364.620447,35,270,25,0
309,2,40,14,1285,89.977407,114.377570,25,15,0,0
309,4,325,12,1000,336.917954,380.990934,25,270,15,15
309,1,15,15,1310,63.592143,82.678271,15,0,0,0
309,3,305,13,1020,344.978800,371.363568,270,15,20,0
309,3,310,13,1015,339.805802,367.618870,270,15,25,0
310,2,50,14,305,121.437622,140.169072,15,35,0,0
310,3,55,13,300,124.230006,143.156362,25,15,15,0
310,3,80,13,275,146.291837,162.556672,20,25,35,0
310,1,20,15,335,100.058815,129.999638,20,0,0,0
310,4,80,12,275,149.214720,163.265323,20,25,15,20
310,3,70,13,285,136.375436,153.381514,15,35,20,0
311,4,350,11,530,350.540841,370.292330,35,270,25,20
311,1,20,14,860,89.900731,121.006632,20,0,0,0
311,1,25,14,855,81.190826,107.522846,25,0,0,0
311,3,60,12,820,125.588151,149.636484,25,20,15,0
311,3,95,12,785,135.159769,152.916527,35,25,35,0
311,3,330,12,550,333.395104,381.025767,25,270,35,0
312,2,30,10,495,95.017875,116.994858,15,15,0,0
312,2,60,10,465,117.648731,137.417412,25,35,0,0
312,2,290,10,235,323.182065,364.815378,20,270,0,0
312,1,35,11,490,98.375494,121.046758,35,0,0,0
312,1,20,11,505,92.977248,122.905469,20,0,0,0
312,4,90,8,435,131.635935,148.482442,25,15,35,15
313,1,20,10,170,81.146311,100.322366,20,0,0,0
313,2,50,9,140,100.704159,115.580654,35,15,0,0
313,2,30,9,160,87.455993,102.342462,15,15,0,0
313,2,30,9,160,84.224274,100.797462,15,15,0,0
313,1,15,10,175,57.591102,74.518585,15,0,0,0
313,3,45,8,145,97.861695,114.716148,15,15,15,0
314,3,320,19,935,378.857481,406.434178,15,270,35,0
314,3,70,19,1185,137.873960,162.411737,35,15,20,0
314,4,345,18,910,385.441066,414.905167,270,20,20,35
314,4,100,18,1155,151.425458,172.795367,35,15,35,15
314,4,350,18,905,367.608060,407.802701,35,25,20,270
314,4,70,18,1185,134.688197,163.051939,15,15,15,25
315,2,70,11,235,123.333318,137.428380,35,35,0,0
315,3,65,10,240,122.552966,137.759924,15,15,35,0
315,4,100,9,205,139.928645,156.615495,15,35,35,15
315,2,35,11,270,99.914572,121.376323,15,20,0,0
315,1,20,12,285,83.203528,111.140156,20,0,0,0
315,1,15,12,290,65.988950,83.173561,15,0,0,0
316,2,45,8,390,101.507238,119.561076,25,20,0,0
316,4,320,6,115,331.648020,407.327032,20,15,270,15
316,1,20,9,415,87.549231,110.395169,20,0,0,0
316,1,15,9,420,64.021248,84.833479,15,0,0,0
316,1,20,9,415,82.865137,104.914355,20,0,0,0
316,1,15,9,420,68.210256,91.477942,15,0,0,0
317,2,60,11,500,112.180238,126.210332,25,35,0,0
317,1,15,12,545,64.295871,77.859688,15,0,0,0
317,2,45,11,515,103.223774,121.540785,25,20,0,0
317,1,15,12,545,63.115426,81.235791,15,0,0,0
317,4,345,9,215,361.342872,380.773807,15,270,35,25
317,3,80,10,480,122.260613,134.544778,25,35,20,0
318,3,300,11,735,288.626523,398.740983,15,270,15,0
318,3,75,11,960,151.971339,175.910211,20,35,20,0
318,1,270,13,765,334.219475,365.411377,270,0,0,0
318,2,285,12,750,282.862408,399.617958,15,270,0,0
318,4,85,10,950,164.272519,190.745043,20,20,25,20
318,1,20,13,1015,95.276284,130.059409,20,0,0,0
319,1,15,13,805,61.439562,80.583596,15,0,0,0
319,3,55,11,765,104.152788,124.720931,25,15,15,0
319,3,95,11,725,126.676068,145.046997,35,35,25,0
319,4,330,10,490,349.550302,376.365995,270,25,15,20
319,2,290,12,530,324.167477,354.516792,270,20,0,0
319,1,35,13,785,87.143049,108.349347,35,0,0,0
320,3,310,14,505,357.545710,384.940839,270,20,20,0
320,1,15,16,800,63.638457,88.057232,15,0,0,0
320,1,20,16,795,93.780867,127.962732,20,0,0,0
320,4,325,13,490,348.239460,391.386414,25,270,15,15
320,4,65,13,750,135.095027,162.133861,15,15,15,20
320,4,80,13,735,151.194322,173.324156,20,20,25,15
321,1,15,16,900,65.307525,80.873036,15,0,0,0
321,3,95,14,820,131.412094,153.063083,35,25,35,0
321,1,35,16,880,80.208173,101.860404,35,0,0,0
321,4,335,13,580,285.482005,390.255237,15,270,35,15
321,4,335,13,580,349.380032,378.456140,25,25,15,270
321,4,100,13,815,134.342470,150.614715,35,25,25,15
322,3,315,17,885,364.454519,407.208204,25,20,270,0
322,4,355,16,845,367.147762,392.171431,35,270,15,35
322,2,35,18,1165,106.416036,137.601066,15,20,0,0
322,3,55,17,1145,118.822539,144.914484,15,25,15,0
322,4,350,16,850,378.979466,411.538768,270,20,35,25
322,4,90,16,1110,152.493179,180.434179,15,35,20,20
323,3,65,12,790,132.531348,152.710581,15,35,15,0
323,2,295,13,560,337.560805,366.432142,270,25,0,0
323,2,35,13,820,114.875677,138.937140,15,20,0,0
323,1,20,14,835,85.275335,129.444337,20,0,0,0
323,4,345,11,510,372.903639,415.041232,20,20,35,270
323,3,95,12,760,150.103378,169.608450,35,35,25,0
324,1,270,10,960,326.833516,351.975799,270,0,0,0
324,2,290,9,940,345.094818,369.633293,270,20,0,0
324,3,310,8,920,329.317000,374.174404,25,270,15,0
324,1,15,10,1215,70.733544,90.370011,15,0,0,0
324,2,55,9,1175,127.512845,148.639393,20,35,0,0
324,2,290,9,940,336.235398,380.032062,20,270,0,0
325,2,60,9,675,106.927047,125.172066,25,35,0,0
325,1,15,10,720,61.062598,80.339289,15,0,0,0
325,2,285,9,450,319.304001,340.754199,270,15,0,0
325,2,50,9,685,102.123043,121.581531,25,25,0,0
325,1,270,10,465,310.383799,336.087036,270,0,0,0
325,3,55,8,680,110.403118,125.107765,15,15,25,0
326,2,70,11,750,119.199923,131.501579,35,35,0,0
326,2,50,11,770,101.071148,120.440698,35,15,0,0
326,4,340,9,480,353.586277,372.322464,15,270,35,20
326,1,15,12,805,58.204027,75.971245,15,0,0,0
326,2,285,11,535,259.191824,363.861608,15,270,0,0
326,2,60,11,760,109.721600,126.404047,35,25,0,0
